-- phpMyAdmin SQL Dump
-- version 4.7.4
-- https://www.phpmyadmin.net/
--
-- Host: 127.0.0.1
-- Generation Time: Jan 07, 2019 at 10:08 AM
-- Server version: 10.1.29-MariaDB
-- PHP Version: 7.2.0

SET SQL_MODE = "NO_AUTO_VALUE_ON_ZERO";
SET AUTOCOMMIT = 0;
START TRANSACTION;
SET time_zone = "+00:00";


/*!40101 SET @OLD_CHARACTER_SET_CLIENT=@@CHARACTER_SET_CLIENT */;
/*!40101 SET @OLD_CHARACTER_SET_RESULTS=@@CHARACTER_SET_RESULTS */;
/*!40101 SET @OLD_COLLATION_CONNECTION=@@COLLATION_CONNECTION */;
/*!40101 SET NAMES utf8mb4 */;

--
-- Database: `classdb0723`
--

-- --------------------------------------------------------

--
-- Table structure for table `accounts`
--

CREATE TABLE `accounts` (
  `id` int(11) NOT NULL,
  `role` varchar(50) NOT NULL,
  `email` varchar(50) NOT NULL,
  `password` text NOT NULL,
  `created_on` date NOT NULL,
  `activated` int(11) NOT NULL
) ENGINE=InnoDB DEFAULT CHARSET=latin1;

--
-- Dumping data for table `accounts`
--

INSERT INTO `accounts` (`id`, `role`, `email`, `password`, `created_on`, `activated`) VALUES
(1, 'Professor', 'lumagui.harl0723@gmail.com', 'bcf18a5de8c00f8b5cdc88771b6c74920e4f79b79e5650d5db236c22f13e9eafdb797706c82ac9945932cc503e14130a87b8a30ba49468123f295823b4088468', '2018-09-11', 1),
(10, 'Professor', 'dulag.hayleen12@gmail.com', 'e5839ae15a0d17efbb6b40efd8ec0a4a97282550ea55866687acf7adb19fd37b0245c40bd0b1db161de206bc020266c5fa0ae8cf8a2c0e244ab3b22acdcbd428', '2018-11-15', 1),
(11, 'Student', 'shena@gmail.com', 'ecc7e8421d3c7696df110b4bfc0c2f464ee2480ca4ddcf11ea3062d04e2786422de814c06224b68b19361c82d7d95508d17a005fcecca660221b99ed4bc44db6', '2018-11-15', 1),
(12, 'Student', 'juan@gmail.com', 'ab366824d1935c3cbc0b98cd680737f341d9a2b023e4ce8a9477a76846c064c46d597c150571c30d87c45741889feb5cb3c09d275a7df502cc7c71a2eb82bd38', '2018-11-15', 1);

-- --------------------------------------------------------

--
-- Table structure for table `attendance`
--

CREATE TABLE `attendance` (
  `id` int(11) NOT NULL,
  `prof_id` int(11) NOT NULL,
  `subject_id` int(11) NOT NULL,
  `semester_id` int(11) NOT NULL,
  `student_id` int(11) NOT NULL,
  `section_id` int(11) NOT NULL,
  `status` varchar(25) NOT NULL,
  `date` date NOT NULL
) ENGINE=InnoDB DEFAULT CHARSET=latin1;

--
-- Dumping data for table `attendance`
--

INSERT INTO `attendance` (`id`, `prof_id`, `subject_id`, `semester_id`, `student_id`, `section_id`, `status`, `date`) VALUES
(1, 1, 3, 1, 36, 3, 'present', '2018-09-12'),
(2, 1, 3, 1, 37, 3, 'present', '2018-09-12'),
(3, 1, 3, 1, 38, 3, 'present', '2018-09-12'),
(4, 1, 3, 1, 39, 3, 'present', '2018-09-12'),
(5, 1, 3, 1, 40, 3, 'absent', '2018-09-12'),
(6, 1, 3, 1, 41, 3, 'present', '2018-09-12'),
(7, 1, 3, 1, 42, 3, 'present', '2018-09-12'),
(8, 1, 3, 1, 43, 3, 'present', '2018-09-12'),
(9, 1, 3, 1, 44, 3, 'present', '2018-09-12'),
(10, 1, 3, 1, 45, 3, 'present', '2018-09-12'),
(11, 1, 3, 1, 46, 3, 'present', '2018-09-12'),
(12, 1, 3, 1, 47, 3, 'present', '2018-09-12'),
(13, 1, 3, 1, 48, 3, 'present', '2018-09-12'),
(14, 1, 3, 1, 49, 3, 'present', '2018-09-12'),
(15, 1, 3, 1, 50, 3, 'present', '2018-09-12'),
(16, 1, 3, 1, 51, 3, 'present', '2018-09-12'),
(17, 1, 3, 1, 52, 3, 'present', '2018-09-12'),
(18, 1, 3, 1, 53, 3, 'present', '2018-09-12'),
(19, 1, 3, 1, 54, 3, 'present', '2018-09-12'),
(20, 1, 3, 1, 55, 3, 'present', '2018-09-12'),
(21, 1, 3, 1, 56, 3, 'late', '2018-09-12'),
(22, 1, 3, 1, 57, 3, 'present', '2018-09-12'),
(23, 1, 3, 1, 58, 3, 'present', '2018-09-12'),
(24, 1, 3, 1, 59, 3, 'present', '2018-09-12'),
(25, 1, 3, 1, 60, 3, 'present', '2018-09-12'),
(26, 1, 3, 1, 61, 3, 'present', '2018-09-12'),
(27, 1, 3, 1, 62, 3, 'present', '2018-09-12'),
(28, 1, 3, 1, 63, 3, 'present', '2018-09-12'),
(29, 1, 3, 1, 64, 3, 'present', '2018-09-12'),
(30, 1, 3, 1, 65, 3, 'absent', '2018-09-12'),
(31, 1, 3, 1, 66, 3, 'present', '2018-09-12'),
(32, 1, 3, 1, 67, 3, 'present', '2018-09-12'),
(33, 1, 3, 1, 68, 3, 'present', '2018-09-12'),
(34, 1, 3, 1, 69, 3, 'present', '2018-09-12'),
(35, 1, 3, 1, 70, 3, 'late', '2018-09-12'),
(36, 1, 3, 1, 71, 3, 'present', '2018-09-12'),
(37, 1, 3, 1, 72, 3, 'present', '2018-09-12'),
(38, 1, 3, 1, 36, 3, 'present', '2018-09-13'),
(39, 1, 3, 1, 37, 3, 'present', '2018-09-13'),
(40, 1, 3, 1, 38, 3, 'present', '2018-09-13'),
(41, 1, 3, 1, 39, 3, 'absent', '2018-09-13'),
(42, 1, 3, 1, 40, 3, 'absent', '2018-09-13'),
(43, 1, 3, 1, 41, 3, 'present', '2018-09-13'),
(44, 1, 3, 1, 42, 3, 'present', '2018-09-13'),
(45, 1, 3, 1, 43, 3, 'present', '2018-09-13'),
(46, 1, 3, 1, 44, 3, 'absent', '2018-09-13'),
(47, 1, 3, 1, 45, 3, 'present', '2018-09-13'),
(48, 1, 3, 1, 46, 3, 'present', '2018-09-13'),
(49, 1, 3, 1, 47, 3, 'present', '2018-09-13'),
(50, 1, 3, 1, 48, 3, 'absent', '2018-09-13'),
(51, 1, 3, 1, 49, 3, 'present', '2018-09-13'),
(52, 1, 3, 1, 50, 3, 'present', '2018-09-13'),
(53, 1, 3, 1, 51, 3, 'present', '2018-09-13'),
(54, 1, 3, 1, 52, 3, 'present', '2018-09-13'),
(55, 1, 3, 1, 53, 3, 'present', '2018-09-13'),
(56, 1, 3, 1, 54, 3, 'present', '2018-09-13'),
(57, 1, 3, 1, 55, 3, 'late', '2018-09-13'),
(58, 1, 3, 1, 56, 3, 'absent', '2018-09-13'),
(59, 1, 3, 1, 57, 3, 'absent', '2018-09-13'),
(60, 1, 3, 1, 58, 3, 'present', '2018-09-13'),
(61, 1, 3, 1, 59, 3, 'present', '2018-09-13'),
(62, 1, 3, 1, 60, 3, 'absent', '2018-09-13'),
(63, 1, 3, 1, 61, 3, 'present', '2018-09-13'),
(64, 1, 3, 1, 62, 3, 'present', '2018-09-13'),
(65, 1, 3, 1, 63, 3, 'absent', '2018-09-13'),
(66, 1, 3, 1, 64, 3, 'absent', '2018-09-13'),
(67, 1, 3, 1, 65, 3, 'present', '2018-09-13'),
(68, 1, 3, 1, 66, 3, 'present', '2018-09-13'),
(69, 1, 3, 1, 67, 3, 'present', '2018-09-13'),
(70, 1, 3, 1, 68, 3, 'absent', '2018-09-13'),
(71, 1, 3, 1, 69, 3, 'present', '2018-09-13'),
(72, 1, 3, 1, 70, 3, 'absent', '2018-09-13'),
(73, 1, 3, 1, 71, 3, 'present', '2018-09-13'),
(74, 1, 3, 1, 72, 3, 'present', '2018-09-13'),
(75, 1, 4, 1, 112, 5, 'late', '2018-09-13'),
(76, 1, 4, 1, 113, 5, 'present', '2018-09-13'),
(77, 1, 4, 1, 114, 5, 'present', '2018-09-13'),
(78, 1, 4, 1, 115, 5, 'present', '2018-09-13'),
(79, 1, 4, 1, 116, 5, 'present', '2018-09-13'),
(80, 1, 4, 1, 117, 5, 'present', '2018-09-13'),
(81, 1, 4, 1, 118, 5, 'present', '2018-09-13'),
(82, 1, 4, 1, 119, 5, 'late', '2018-09-13'),
(83, 1, 4, 1, 120, 5, 'absent', '2018-09-13'),
(84, 1, 4, 1, 121, 5, 'absent', '2018-09-13'),
(85, 1, 4, 1, 122, 5, 'absent', '2018-09-13'),
(86, 1, 4, 1, 123, 5, 'present', '2018-09-13'),
(87, 1, 4, 1, 124, 5, 'late', '2018-09-13'),
(88, 1, 4, 1, 125, 5, 'present', '2018-09-13'),
(89, 1, 4, 1, 126, 5, 'present', '2018-09-13'),
(90, 1, 4, 1, 127, 5, 'present', '2018-09-13'),
(91, 1, 4, 1, 128, 5, 'present', '2018-09-13'),
(92, 1, 4, 1, 129, 5, 'absent', '2018-09-13'),
(93, 1, 4, 1, 130, 5, 'present', '2018-09-13'),
(94, 1, 4, 1, 131, 5, 'present', '2018-09-13'),
(95, 1, 4, 1, 132, 5, 'present', '2018-09-13'),
(96, 1, 4, 1, 133, 5, 'present', '2018-09-13'),
(97, 1, 4, 1, 134, 5, 'absent', '2018-09-13'),
(98, 1, 4, 1, 135, 5, 'present', '2018-09-13'),
(99, 1, 4, 1, 136, 5, 'present', '2018-09-13'),
(100, 1, 4, 1, 137, 5, 'present', '2018-09-13'),
(101, 1, 4, 1, 138, 5, 'present', '2018-09-13'),
(102, 1, 4, 1, 139, 5, 'present', '2018-09-13'),
(103, 1, 4, 1, 140, 5, 'late', '2018-09-13'),
(104, 1, 4, 1, 141, 5, 'present', '2018-09-13'),
(105, 1, 4, 1, 142, 5, 'present', '2018-09-13'),
(106, 1, 4, 1, 143, 5, 'present', '2018-09-13'),
(107, 1, 4, 1, 144, 5, 'present', '2018-09-13'),
(108, 1, 4, 1, 145, 5, 'present', '2018-09-13'),
(109, 1, 4, 1, 146, 5, 'present', '2018-09-13'),
(110, 1, 4, 1, 147, 5, 'present', '2018-09-13'),
(111, 1, 4, 1, 148, 5, 'present', '2018-09-13'),
(112, 1, 4, 1, 149, 5, 'present', '2018-09-13'),
(113, 1, 4, 1, 150, 5, 'present', '2018-09-13'),
(114, 1, 4, 1, 151, 5, 'present', '2018-09-13'),
(115, 1, 1, 1, 1, 1, 'present', '2018-09-17'),
(116, 1, 1, 1, 2, 1, 'present', '2018-09-17'),
(117, 1, 1, 1, 3, 1, 'present', '2018-09-17'),
(118, 1, 1, 1, 4, 1, 'present', '2018-09-17'),
(119, 1, 1, 1, 5, 1, 'present', '2018-09-17'),
(120, 1, 1, 1, 6, 1, 'present', '2018-09-17'),
(121, 1, 1, 1, 7, 1, 'present', '2018-09-17'),
(122, 1, 1, 1, 8, 1, 'present', '2018-09-17'),
(123, 1, 1, 1, 9, 1, 'absent', '2018-09-17'),
(124, 1, 1, 1, 10, 1, 'present', '2018-09-17'),
(125, 1, 1, 1, 11, 1, 'present', '2018-09-17'),
(126, 1, 1, 1, 12, 1, 'present', '2018-09-17'),
(127, 1, 1, 1, 13, 1, 'present', '2018-09-17'),
(128, 1, 1, 1, 14, 1, 'present', '2018-09-17'),
(129, 1, 1, 1, 1, 1, 'present', '2018-09-17'),
(130, 1, 1, 1, 2, 1, 'present', '2018-09-17'),
(131, 1, 1, 1, 3, 1, 'present', '2018-09-17'),
(132, 1, 1, 1, 4, 1, 'present', '2018-09-17'),
(133, 1, 1, 1, 5, 1, 'present', '2018-09-17'),
(134, 1, 1, 1, 6, 1, 'present', '2018-09-17'),
(135, 1, 1, 1, 7, 1, 'present', '2018-09-17'),
(136, 1, 1, 1, 8, 1, 'present', '2018-09-17'),
(137, 1, 1, 1, 9, 1, 'absent', '2018-09-17'),
(138, 1, 1, 1, 10, 1, 'present', '2018-09-17'),
(139, 1, 1, 1, 11, 1, 'present', '2018-09-17'),
(140, 1, 1, 1, 12, 1, 'present', '2018-09-17'),
(141, 1, 1, 1, 13, 1, 'present', '2018-09-17'),
(142, 1, 1, 1, 14, 1, 'present', '2018-09-17'),
(143, 1, 1, 1, 15, 1, 'present', '2018-09-17'),
(144, 1, 1, 1, 16, 1, 'present', '2018-09-17'),
(145, 1, 1, 1, 17, 1, 'present', '2018-09-17'),
(146, 1, 1, 1, 18, 1, 'present', '2018-09-17'),
(147, 1, 1, 1, 19, 1, 'present', '2018-09-17'),
(148, 1, 1, 1, 20, 1, 'present', '2018-09-17'),
(149, 1, 1, 1, 21, 1, 'present', '2018-09-17'),
(150, 1, 1, 1, 22, 1, 'present', '2018-09-17'),
(151, 1, 1, 1, 23, 1, 'present', '2018-09-17'),
(152, 1, 1, 1, 24, 1, 'absent', '2018-09-17'),
(153, 1, 1, 1, 25, 1, 'present', '2018-09-17'),
(154, 1, 1, 1, 26, 1, 'present', '2018-09-17'),
(155, 1, 1, 1, 27, 1, 'present', '2018-09-17'),
(156, 1, 1, 1, 28, 1, 'present', '2018-09-17'),
(157, 1, 1, 1, 29, 1, 'absent', '2018-09-17'),
(158, 1, 1, 1, 30, 1, 'present', '2018-09-17'),
(159, 1, 1, 1, 31, 1, 'present', '2018-09-17'),
(160, 1, 1, 1, 32, 1, 'present', '2018-09-17'),
(161, 1, 1, 1, 33, 1, 'present', '2018-09-17'),
(162, 1, 1, 1, 34, 1, 'present', '2018-09-17'),
(163, 1, 1, 1, 35, 1, 'present', '2018-09-17'),
(164, 1, 1, 1, 1, 1, 'present', '2018-09-18'),
(165, 1, 1, 1, 2, 1, 'present', '2018-09-18'),
(166, 1, 1, 1, 3, 1, 'present', '2018-09-18'),
(167, 1, 1, 1, 4, 1, 'present', '2018-09-18'),
(168, 1, 1, 1, 5, 1, 'present', '2018-09-18'),
(169, 1, 1, 1, 6, 1, 'present', '2018-09-18'),
(170, 1, 1, 1, 7, 1, 'present', '2018-09-18'),
(171, 1, 1, 1, 8, 1, 'present', '2018-09-18'),
(172, 1, 1, 1, 9, 1, 'present', '2018-09-18'),
(173, 1, 1, 1, 10, 1, 'present', '2018-09-18'),
(174, 1, 1, 1, 11, 1, 'present', '2018-09-18'),
(175, 1, 1, 1, 12, 1, 'present', '2018-09-18'),
(176, 1, 1, 1, 13, 1, 'present', '2018-09-18'),
(177, 1, 1, 1, 14, 1, 'present', '2018-09-18'),
(178, 1, 1, 1, 15, 1, 'present', '2018-09-18'),
(179, 1, 1, 1, 16, 1, 'present', '2018-09-18'),
(180, 1, 1, 1, 17, 1, 'present', '2018-09-18'),
(181, 1, 1, 1, 18, 1, 'present', '2018-09-18'),
(182, 1, 1, 1, 19, 1, 'present', '2018-09-18'),
(183, 1, 1, 1, 20, 1, 'present', '2018-09-18'),
(184, 1, 1, 1, 21, 1, 'present', '2018-09-18'),
(185, 1, 1, 1, 22, 1, 'present', '2018-09-18'),
(186, 1, 1, 1, 23, 1, 'present', '2018-09-18'),
(187, 1, 1, 1, 24, 1, 'present', '2018-09-18'),
(188, 1, 1, 1, 25, 1, 'present', '2018-09-18'),
(189, 1, 1, 1, 26, 1, 'present', '2018-09-18'),
(190, 1, 1, 1, 27, 1, 'present', '2018-09-18'),
(191, 1, 1, 1, 28, 1, 'present', '2018-09-18'),
(192, 1, 1, 1, 29, 1, 'absent', '2018-09-18'),
(193, 1, 1, 1, 30, 1, 'present', '2018-09-18'),
(194, 1, 1, 1, 31, 1, 'present', '2018-09-18'),
(195, 1, 1, 1, 32, 1, 'absent', '2018-09-18'),
(196, 1, 1, 1, 33, 1, 'present', '2018-09-18'),
(197, 1, 1, 1, 34, 1, 'present', '2018-09-18'),
(198, 1, 1, 1, 35, 1, 'present', '2018-09-18'),
(199, 1, 2, 1, 152, 2, 'present', '2018-09-18'),
(200, 1, 2, 1, 153, 2, 'present', '2018-09-18'),
(201, 1, 2, 1, 154, 2, 'present', '2018-09-18'),
(202, 1, 2, 1, 155, 2, 'present', '2018-09-18'),
(203, 1, 2, 1, 156, 2, 'present', '2018-09-18'),
(204, 1, 2, 1, 157, 2, 'present', '2018-09-18'),
(205, 1, 2, 1, 158, 2, 'present', '2018-09-18'),
(206, 1, 2, 1, 159, 2, 'present', '2018-09-18'),
(207, 1, 2, 1, 160, 2, 'present', '2018-09-18'),
(208, 1, 2, 1, 161, 2, 'present', '2018-09-18'),
(209, 1, 2, 1, 162, 2, 'present', '2018-09-18'),
(210, 1, 2, 1, 163, 2, 'present', '2018-09-18'),
(211, 1, 2, 1, 164, 2, 'present', '2018-09-18'),
(212, 1, 2, 1, 165, 2, 'present', '2018-09-18'),
(213, 1, 2, 1, 166, 2, 'present', '2018-09-18'),
(214, 1, 2, 1, 167, 2, 'present', '2018-09-18'),
(215, 1, 2, 1, 168, 2, 'present', '2018-09-18'),
(216, 1, 2, 1, 169, 2, 'present', '2018-09-18'),
(217, 1, 2, 1, 170, 2, 'present', '2018-09-18'),
(218, 1, 2, 1, 171, 2, 'present', '2018-09-18'),
(219, 1, 2, 1, 172, 2, 'present', '2018-09-18'),
(220, 1, 2, 1, 173, 2, 'present', '2018-09-18'),
(221, 1, 2, 1, 174, 2, 'present', '2018-09-18'),
(222, 1, 2, 1, 175, 2, 'present', '2018-09-18'),
(223, 1, 2, 1, 176, 2, 'present', '2018-09-18'),
(224, 1, 2, 1, 177, 2, 'present', '2018-09-18'),
(225, 1, 2, 1, 178, 2, 'present', '2018-09-18'),
(226, 1, 2, 1, 179, 2, 'present', '2018-09-18'),
(227, 1, 2, 1, 180, 2, 'present', '2018-09-18'),
(228, 1, 2, 1, 181, 2, 'present', '2018-09-18'),
(229, 1, 2, 1, 182, 2, 'present', '2018-09-18'),
(230, 1, 2, 1, 183, 2, 'present', '2018-09-18'),
(231, 1, 2, 1, 184, 2, 'present', '2018-09-18'),
(232, 1, 2, 1, 185, 2, 'present', '2018-09-18'),
(233, 1, 2, 1, 186, 2, 'present', '2018-09-18'),
(234, 1, 2, 1, 152, 2, 'absent', '2018-09-19'),
(235, 1, 2, 1, 153, 2, 'present', '2018-09-19'),
(236, 1, 2, 1, 154, 2, 'present', '2018-09-19'),
(237, 1, 2, 1, 155, 2, 'present', '2018-09-19'),
(238, 1, 2, 1, 156, 2, 'present', '2018-09-19'),
(239, 1, 2, 1, 157, 2, 'present', '2018-09-19'),
(240, 1, 2, 1, 158, 2, 'absent', '2018-09-19'),
(241, 1, 2, 1, 159, 2, 'absent', '2018-09-19'),
(242, 1, 2, 1, 160, 2, 'present', '2018-09-19'),
(243, 1, 2, 1, 161, 2, 'present', '2018-09-19'),
(244, 1, 2, 1, 162, 2, 'present', '2018-09-19'),
(245, 1, 2, 1, 163, 2, 'present', '2018-09-19'),
(246, 1, 2, 1, 164, 2, 'absent', '2018-09-19'),
(247, 1, 2, 1, 165, 2, 'present', '2018-09-19'),
(248, 1, 2, 1, 166, 2, 'absent', '2018-09-19'),
(249, 1, 2, 1, 167, 2, 'present', '2018-09-19'),
(250, 1, 2, 1, 168, 2, 'present', '2018-09-19'),
(251, 1, 2, 1, 169, 2, 'absent', '2018-09-19'),
(252, 1, 2, 1, 170, 2, 'present', '2018-09-19'),
(253, 1, 2, 1, 171, 2, 'absent', '2018-09-19'),
(254, 1, 2, 1, 172, 2, 'present', '2018-09-19'),
(255, 1, 2, 1, 173, 2, 'present', '2018-09-19'),
(256, 1, 2, 1, 174, 2, 'present', '2018-09-19'),
(257, 1, 2, 1, 175, 2, 'present', '2018-09-19'),
(258, 1, 2, 1, 176, 2, 'present', '2018-09-19'),
(259, 1, 2, 1, 177, 2, 'absent', '2018-09-19'),
(260, 1, 2, 1, 178, 2, 'present', '2018-09-19'),
(261, 1, 2, 1, 179, 2, 'present', '2018-09-19'),
(262, 1, 2, 1, 180, 2, 'present', '2018-09-19'),
(263, 1, 2, 1, 181, 2, 'present', '2018-09-19'),
(264, 1, 2, 1, 182, 2, 'absent', '2018-09-19'),
(265, 1, 2, 1, 183, 2, 'present', '2018-09-19'),
(266, 1, 2, 1, 184, 2, 'present', '2018-09-19'),
(267, 1, 2, 1, 185, 2, 'present', '2018-09-19'),
(268, 1, 2, 1, 186, 2, 'present', '2018-09-19'),
(269, 1, 4, 1, 112, 5, 'present', '2018-09-20'),
(270, 1, 4, 1, 113, 5, 'present', '2018-09-20'),
(271, 1, 4, 1, 114, 5, 'present', '2018-09-20'),
(272, 1, 4, 1, 115, 5, 'present', '2018-09-20'),
(273, 1, 4, 1, 116, 5, 'present', '2018-09-20'),
(274, 1, 4, 1, 117, 5, 'present', '2018-09-20'),
(275, 1, 4, 1, 118, 5, 'present', '2018-09-20'),
(276, 1, 4, 1, 119, 5, 'present', '2018-09-20'),
(277, 1, 4, 1, 120, 5, 'absent', '2018-09-20'),
(278, 1, 4, 1, 121, 5, 'absent', '2018-09-20'),
(279, 1, 4, 1, 122, 5, 'absent', '2018-09-20'),
(280, 1, 4, 1, 123, 5, 'present', '2018-09-20'),
(281, 1, 4, 1, 124, 5, 'present', '2018-09-20'),
(282, 1, 4, 1, 125, 5, 'present', '2018-09-20'),
(283, 1, 4, 1, 126, 5, 'present', '2018-09-20'),
(284, 1, 4, 1, 127, 5, 'absent', '2018-09-20'),
(285, 1, 4, 1, 128, 5, 'late', '2018-09-20'),
(286, 1, 4, 1, 129, 5, 'absent', '2018-09-20'),
(287, 1, 4, 1, 130, 5, 'present', '2018-09-20'),
(288, 1, 4, 1, 131, 5, 'present', '2018-09-20'),
(289, 1, 4, 1, 132, 5, 'present', '2018-09-20'),
(290, 1, 4, 1, 133, 5, 'present', '2018-09-20'),
(291, 1, 4, 1, 134, 5, 'absent', '2018-09-20'),
(292, 1, 4, 1, 135, 5, 'present', '2018-09-20'),
(293, 1, 4, 1, 136, 5, 'present', '2018-09-20'),
(294, 1, 4, 1, 137, 5, 'present', '2018-09-20'),
(295, 1, 4, 1, 138, 5, 'present', '2018-09-20'),
(296, 1, 4, 1, 139, 5, 'present', '2018-09-20'),
(297, 1, 4, 1, 140, 5, 'present', '2018-09-20'),
(298, 1, 4, 1, 141, 5, 'present', '2018-09-20'),
(299, 1, 4, 1, 142, 5, 'present', '2018-09-20'),
(300, 1, 4, 1, 143, 5, 'present', '2018-09-20'),
(301, 1, 4, 1, 144, 5, 'absent', '2018-09-20'),
(302, 1, 4, 1, 145, 5, 'present', '2018-09-20'),
(303, 1, 4, 1, 146, 5, 'present', '2018-09-20'),
(304, 1, 4, 1, 147, 5, 'present', '2018-09-20'),
(305, 1, 4, 1, 148, 5, 'present', '2018-09-20'),
(306, 1, 4, 1, 149, 5, 'present', '2018-09-20'),
(307, 1, 4, 1, 150, 5, 'present', '2018-09-20'),
(308, 1, 4, 1, 151, 5, 'present', '2018-09-20'),
(309, 1, 4, 1, 73, 4, 'present', '2018-09-21'),
(310, 1, 4, 1, 74, 4, 'present', '2018-09-21'),
(311, 1, 4, 1, 75, 4, 'present', '2018-09-21'),
(312, 1, 4, 1, 76, 4, 'present', '2018-09-21'),
(313, 1, 4, 1, 77, 4, 'present', '2018-09-21'),
(314, 1, 4, 1, 78, 4, 'present', '2018-09-21'),
(315, 1, 4, 1, 79, 4, 'present', '2018-09-21'),
(316, 1, 4, 1, 80, 4, 'present', '2018-09-21'),
(317, 1, 4, 1, 81, 4, 'present', '2018-09-21'),
(318, 1, 4, 1, 82, 4, 'present', '2018-09-21'),
(319, 1, 4, 1, 83, 4, 'absent', '2018-09-21'),
(320, 1, 4, 1, 84, 4, 'present', '2018-09-21'),
(321, 1, 4, 1, 85, 4, 'present', '2018-09-21'),
(322, 1, 4, 1, 86, 4, 'present', '2018-09-21'),
(323, 1, 4, 1, 87, 4, 'present', '2018-09-21'),
(324, 1, 4, 1, 88, 4, 'present', '2018-09-21'),
(325, 1, 4, 1, 89, 4, 'present', '2018-09-21'),
(326, 1, 4, 1, 90, 4, 'present', '2018-09-21'),
(327, 1, 4, 1, 91, 4, 'present', '2018-09-21'),
(328, 1, 4, 1, 92, 4, 'present', '2018-09-21'),
(329, 1, 4, 1, 93, 4, 'present', '2018-09-21'),
(330, 1, 4, 1, 94, 4, 'absent', '2018-09-21'),
(331, 1, 4, 1, 95, 4, 'absent', '2018-09-21'),
(332, 1, 4, 1, 96, 4, 'present', '2018-09-21'),
(333, 1, 4, 1, 97, 4, 'absent', '2018-09-21'),
(334, 1, 4, 1, 98, 4, 'present', '2018-09-21'),
(335, 1, 4, 1, 99, 4, 'present', '2018-09-21'),
(336, 1, 4, 1, 100, 4, 'present', '2018-09-21'),
(337, 1, 4, 1, 101, 4, 'present', '2018-09-21'),
(338, 1, 4, 1, 102, 4, 'present', '2018-09-21'),
(339, 1, 4, 1, 103, 4, 'present', '2018-09-21'),
(340, 1, 4, 1, 104, 4, 'present', '2018-09-21'),
(341, 1, 4, 1, 105, 4, 'present', '2018-09-21'),
(342, 1, 4, 1, 106, 4, 'present', '2018-09-21'),
(343, 1, 4, 1, 107, 4, 'present', '2018-09-21'),
(344, 1, 4, 1, 108, 4, 'absent', '2018-09-21'),
(345, 1, 4, 1, 109, 4, 'present', '2018-09-21'),
(346, 1, 4, 1, 110, 4, 'present', '2018-09-21'),
(347, 1, 4, 1, 111, 4, 'present', '2018-09-21'),
(348, 1, 1, 1, 1, 1, 'present', '2018-09-24'),
(349, 1, 1, 1, 2, 1, 'absent', '2018-09-24'),
(350, 1, 1, 1, 3, 1, 'present', '2018-09-24'),
(351, 1, 1, 1, 4, 1, 'present', '2018-09-24'),
(352, 1, 1, 1, 5, 1, 'present', '2018-09-24'),
(353, 1, 1, 1, 6, 1, 'present', '2018-09-24'),
(354, 1, 1, 1, 7, 1, 'present', '2018-09-24'),
(355, 1, 1, 1, 8, 1, 'absent', '2018-09-24'),
(356, 1, 1, 1, 9, 1, 'present', '2018-09-24'),
(357, 1, 1, 1, 10, 1, 'present', '2018-09-24'),
(358, 1, 1, 1, 11, 1, 'present', '2018-09-24'),
(359, 1, 1, 1, 12, 1, 'present', '2018-09-24'),
(360, 1, 1, 1, 13, 1, 'present', '2018-09-24'),
(361, 1, 1, 1, 14, 1, 'present', '2018-09-24'),
(362, 1, 1, 1, 15, 1, 'absent', '2018-09-24'),
(363, 1, 1, 1, 16, 1, 'absent', '2018-09-24'),
(364, 1, 1, 1, 17, 1, 'present', '2018-09-24'),
(365, 1, 1, 1, 18, 1, 'present', '2018-09-24'),
(366, 1, 1, 1, 19, 1, 'absent', '2018-09-24'),
(367, 1, 1, 1, 20, 1, 'present', '2018-09-24'),
(368, 1, 1, 1, 21, 1, 'present', '2018-09-24'),
(369, 1, 1, 1, 22, 1, 'present', '2018-09-24'),
(370, 1, 1, 1, 23, 1, 'present', '2018-09-24'),
(371, 1, 1, 1, 24, 1, 'present', '2018-09-24'),
(372, 1, 1, 1, 25, 1, 'present', '2018-09-24'),
(373, 1, 1, 1, 26, 1, 'present', '2018-09-24'),
(374, 1, 1, 1, 27, 1, 'present', '2018-09-24'),
(375, 1, 1, 1, 28, 1, 'present', '2018-09-24'),
(376, 1, 1, 1, 29, 1, 'absent', '2018-09-24'),
(377, 1, 1, 1, 30, 1, 'present', '2018-09-24'),
(378, 1, 1, 1, 31, 1, 'present', '2018-09-24'),
(379, 1, 1, 1, 32, 1, 'absent', '2018-09-24'),
(380, 1, 1, 1, 33, 1, 'absent', '2018-09-24'),
(381, 1, 1, 1, 34, 1, 'present', '2018-09-24'),
(382, 1, 1, 1, 35, 1, 'absent', '2018-09-24'),
(383, 1, 2, 1, 152, 2, 'absent', '2018-09-25'),
(384, 1, 2, 1, 153, 2, 'present', '2018-09-25'),
(385, 1, 2, 1, 154, 2, 'present', '2018-09-25'),
(386, 1, 2, 1, 155, 2, 'present', '2018-09-25'),
(387, 1, 2, 1, 156, 2, 'present', '2018-09-25'),
(388, 1, 2, 1, 157, 2, 'present', '2018-09-25'),
(389, 1, 2, 1, 158, 2, 'present', '2018-09-25'),
(390, 1, 2, 1, 159, 2, 'present', '2018-09-25'),
(391, 1, 2, 1, 160, 2, 'present', '2018-09-25'),
(392, 1, 2, 1, 161, 2, 'present', '2018-09-25'),
(393, 1, 2, 1, 162, 2, 'present', '2018-09-25'),
(394, 1, 2, 1, 163, 2, 'present', '2018-09-25'),
(395, 1, 2, 1, 164, 2, 'absent', '2018-09-25'),
(396, 1, 2, 1, 165, 2, 'present', '2018-09-25'),
(397, 1, 2, 1, 166, 2, 'present', '2018-09-25'),
(398, 1, 2, 1, 167, 2, 'present', '2018-09-25'),
(399, 1, 2, 1, 168, 2, 'present', '2018-09-25'),
(400, 1, 2, 1, 169, 2, 'present', '2018-09-25'),
(401, 1, 2, 1, 170, 2, 'present', '2018-09-25'),
(402, 1, 2, 1, 171, 2, 'absent', '2018-09-25'),
(403, 1, 2, 1, 172, 2, 'present', '2018-09-25'),
(404, 1, 2, 1, 173, 2, 'present', '2018-09-25'),
(405, 1, 2, 1, 174, 2, 'present', '2018-09-25'),
(406, 1, 2, 1, 175, 2, 'present', '2018-09-25'),
(407, 1, 2, 1, 176, 2, 'present', '2018-09-25'),
(408, 1, 2, 1, 177, 2, 'present', '2018-09-25'),
(409, 1, 2, 1, 178, 2, 'absent', '2018-09-25'),
(410, 1, 2, 1, 179, 2, 'present', '2018-09-25'),
(411, 1, 2, 1, 180, 2, 'present', '2018-09-25'),
(412, 1, 2, 1, 181, 2, 'present', '2018-09-25'),
(413, 1, 2, 1, 182, 2, 'present', '2018-09-25'),
(414, 1, 2, 1, 183, 2, 'absent', '2018-09-25'),
(415, 1, 2, 1, 184, 2, 'present', '2018-09-25'),
(416, 1, 2, 1, 185, 2, 'present', '2018-09-25'),
(417, 1, 2, 1, 186, 2, 'present', '2018-09-25'),
(418, 1, 2, 1, 152, 2, 'absent', '2018-09-26'),
(419, 1, 2, 1, 153, 2, 'present', '2018-09-26'),
(420, 1, 2, 1, 154, 2, 'present', '2018-09-26'),
(421, 1, 2, 1, 155, 2, 'present', '2018-09-26'),
(422, 1, 2, 1, 156, 2, 'present', '2018-09-26'),
(423, 1, 2, 1, 157, 2, 'present', '2018-09-26'),
(424, 1, 2, 1, 158, 2, 'present', '2018-09-26'),
(425, 1, 2, 1, 159, 2, 'present', '2018-09-26'),
(426, 1, 2, 1, 160, 2, 'present', '2018-09-26'),
(427, 1, 2, 1, 161, 2, 'present', '2018-09-26'),
(428, 1, 2, 1, 162, 2, 'present', '2018-09-26'),
(429, 1, 2, 1, 163, 2, 'present', '2018-09-26'),
(430, 1, 2, 1, 164, 2, 'present', '2018-09-26'),
(431, 1, 2, 1, 165, 2, 'present', '2018-09-26'),
(432, 1, 2, 1, 166, 2, 'present', '2018-09-26'),
(433, 1, 2, 1, 167, 2, 'present', '2018-09-26'),
(434, 1, 2, 1, 168, 2, 'present', '2018-09-26'),
(435, 1, 2, 1, 169, 2, 'present', '2018-09-26'),
(436, 1, 2, 1, 170, 2, 'present', '2018-09-26'),
(437, 1, 2, 1, 171, 2, 'present', '2018-09-26'),
(438, 1, 2, 1, 172, 2, 'present', '2018-09-26'),
(439, 1, 2, 1, 173, 2, 'present', '2018-09-26'),
(440, 1, 2, 1, 174, 2, 'present', '2018-09-26'),
(441, 1, 2, 1, 175, 2, 'present', '2018-09-26'),
(442, 1, 2, 1, 176, 2, 'present', '2018-09-26'),
(443, 1, 2, 1, 177, 2, 'present', '2018-09-26'),
(444, 1, 2, 1, 178, 2, 'present', '2018-09-26'),
(445, 1, 2, 1, 179, 2, 'present', '2018-09-26'),
(446, 1, 2, 1, 180, 2, 'present', '2018-09-26'),
(447, 1, 2, 1, 181, 2, 'present', '2018-09-26'),
(448, 1, 2, 1, 182, 2, 'absent', '2018-09-26'),
(449, 1, 2, 1, 183, 2, 'present', '2018-09-26'),
(450, 1, 2, 1, 184, 2, 'present', '2018-09-26'),
(451, 1, 2, 1, 185, 2, 'present', '2018-09-26'),
(452, 1, 2, 1, 186, 2, 'present', '2018-09-26'),
(453, 1, 3, 1, 36, 3, 'present', '2018-09-26'),
(454, 1, 3, 1, 37, 3, 'present', '2018-09-26'),
(455, 1, 3, 1, 38, 3, 'present', '2018-09-26'),
(456, 1, 3, 1, 39, 3, 'present', '2018-09-26'),
(457, 1, 3, 1, 40, 3, 'present', '2018-09-26'),
(458, 1, 3, 1, 41, 3, 'absent', '2018-09-26'),
(459, 1, 3, 1, 42, 3, 'present', '2018-09-26'),
(460, 1, 3, 1, 43, 3, 'present', '2018-09-26'),
(461, 1, 3, 1, 44, 3, 'present', '2018-09-26'),
(462, 1, 3, 1, 45, 3, 'present', '2018-09-26'),
(463, 1, 3, 1, 46, 3, 'present', '2018-09-26'),
(464, 1, 3, 1, 47, 3, 'present', '2018-09-26'),
(465, 1, 3, 1, 48, 3, 'present', '2018-09-26'),
(466, 1, 3, 1, 49, 3, 'present', '2018-09-26'),
(467, 1, 3, 1, 50, 3, 'present', '2018-09-26'),
(468, 1, 3, 1, 51, 3, 'absent', '2018-09-26'),
(469, 1, 3, 1, 52, 3, 'absent', '2018-09-26'),
(470, 1, 3, 1, 53, 3, 'present', '2018-09-26'),
(471, 1, 3, 1, 54, 3, 'present', '2018-09-26'),
(472, 1, 3, 1, 55, 3, 'present', '2018-09-26'),
(473, 1, 3, 1, 56, 3, 'present', '2018-09-26'),
(474, 1, 3, 1, 57, 3, 'present', '2018-09-26'),
(475, 1, 3, 1, 58, 3, 'present', '2018-09-26'),
(476, 1, 3, 1, 59, 3, 'present', '2018-09-26'),
(477, 1, 3, 1, 60, 3, 'present', '2018-09-26'),
(478, 1, 3, 1, 61, 3, 'present', '2018-09-26'),
(479, 1, 3, 1, 62, 3, 'present', '2018-09-26'),
(480, 1, 3, 1, 63, 3, 'absent', '2018-09-26'),
(481, 1, 3, 1, 64, 3, 'absent', '2018-09-26'),
(482, 1, 3, 1, 65, 3, 'present', '2018-09-26'),
(483, 1, 3, 1, 66, 3, 'present', '2018-09-26'),
(484, 1, 3, 1, 67, 3, 'present', '2018-09-26'),
(485, 1, 3, 1, 68, 3, 'present', '2018-09-26'),
(486, 1, 3, 1, 69, 3, 'absent', '2018-09-26'),
(487, 1, 3, 1, 70, 3, 'absent', '2018-09-26'),
(488, 1, 3, 1, 71, 3, 'absent', '2018-09-26'),
(489, 1, 3, 1, 72, 3, 'present', '2018-09-26'),
(490, 1, 3, 1, 36, 3, 'present', '2018-09-27'),
(491, 1, 3, 1, 37, 3, 'present', '2018-09-27'),
(492, 1, 3, 1, 38, 3, 'present', '2018-09-27'),
(493, 1, 3, 1, 39, 3, 'present', '2018-09-27'),
(494, 1, 3, 1, 40, 3, 'present', '2018-09-27'),
(495, 1, 3, 1, 41, 3, 'absent', '2018-09-27'),
(496, 1, 3, 1, 42, 3, 'absent', '2018-09-27'),
(497, 1, 3, 1, 43, 3, 'present', '2018-09-27'),
(498, 1, 3, 1, 44, 3, 'late', '2018-09-27'),
(499, 1, 3, 1, 45, 3, 'present', '2018-09-27'),
(500, 1, 3, 1, 46, 3, 'present', '2018-09-27'),
(501, 1, 3, 1, 47, 3, 'present', '2018-09-27'),
(502, 1, 3, 1, 48, 3, 'present', '2018-09-27'),
(503, 1, 3, 1, 49, 3, 'present', '2018-09-27'),
(504, 1, 3, 1, 50, 3, 'present', '2018-09-27'),
(505, 1, 3, 1, 51, 3, 'present', '2018-09-27'),
(506, 1, 3, 1, 52, 3, 'present', '2018-09-27'),
(507, 1, 3, 1, 53, 3, 'present', '2018-09-27'),
(508, 1, 3, 1, 54, 3, 'present', '2018-09-27'),
(509, 1, 3, 1, 55, 3, 'present', '2018-09-27'),
(510, 1, 3, 1, 56, 3, 'present', '2018-09-27'),
(511, 1, 3, 1, 57, 3, 'absent', '2018-09-27'),
(512, 1, 3, 1, 58, 3, 'present', '2018-09-27'),
(513, 1, 3, 1, 59, 3, 'present', '2018-09-27'),
(514, 1, 3, 1, 60, 3, 'present', '2018-09-27'),
(515, 1, 3, 1, 61, 3, 'present', '2018-09-27'),
(516, 1, 3, 1, 62, 3, 'present', '2018-09-27'),
(517, 1, 3, 1, 63, 3, 'absent', '2018-09-27'),
(518, 1, 3, 1, 64, 3, 'present', '2018-09-27'),
(519, 1, 3, 1, 65, 3, 'present', '2018-09-27'),
(520, 1, 3, 1, 66, 3, 'present', '2018-09-27'),
(521, 1, 3, 1, 67, 3, 'present', '2018-09-27'),
(522, 1, 3, 1, 68, 3, 'absent', '2018-09-27'),
(523, 1, 3, 1, 69, 3, 'absent', '2018-09-27'),
(524, 1, 3, 1, 70, 3, 'absent', '2018-09-27'),
(525, 1, 3, 1, 71, 3, 'absent', '2018-09-27'),
(526, 1, 3, 1, 72, 3, 'present', '2018-09-27'),
(527, 1, 4, 1, 112, 5, 'absent', '2018-09-27'),
(528, 1, 4, 1, 113, 5, 'present', '2018-09-27'),
(529, 1, 4, 1, 114, 5, 'present', '2018-09-27'),
(530, 1, 4, 1, 115, 5, 'present', '2018-09-27'),
(531, 1, 4, 1, 116, 5, 'present', '2018-09-27'),
(532, 1, 4, 1, 117, 5, 'present', '2018-09-27'),
(533, 1, 4, 1, 118, 5, 'present', '2018-09-27'),
(534, 1, 4, 1, 119, 5, 'present', '2018-09-27'),
(535, 1, 4, 1, 120, 5, 'absent', '2018-09-27'),
(536, 1, 4, 1, 121, 5, 'absent', '2018-09-27'),
(537, 1, 4, 1, 122, 5, 'absent', '2018-09-27'),
(538, 1, 4, 1, 123, 5, 'present', '2018-09-27'),
(539, 1, 4, 1, 124, 5, 'absent', '2018-09-27'),
(540, 1, 4, 1, 125, 5, 'present', '2018-09-27'),
(541, 1, 4, 1, 126, 5, 'present', '2018-09-27'),
(542, 1, 4, 1, 127, 5, 'present', '2018-09-27'),
(543, 1, 4, 1, 128, 5, 'present', '2018-09-27'),
(544, 1, 4, 1, 129, 5, 'absent', '2018-09-27'),
(545, 1, 4, 1, 130, 5, 'present', '2018-09-27'),
(546, 1, 4, 1, 131, 5, 'present', '2018-09-27'),
(547, 1, 4, 1, 132, 5, 'present', '2018-09-27'),
(548, 1, 4, 1, 133, 5, 'present', '2018-09-27'),
(549, 1, 4, 1, 134, 5, 'absent', '2018-09-27'),
(550, 1, 4, 1, 135, 5, 'present', '2018-09-27'),
(551, 1, 4, 1, 136, 5, 'present', '2018-09-27'),
(552, 1, 4, 1, 137, 5, 'present', '2018-09-27'),
(553, 1, 4, 1, 138, 5, 'present', '2018-09-27'),
(554, 1, 4, 1, 139, 5, 'present', '2018-09-27'),
(555, 1, 4, 1, 140, 5, 'present', '2018-09-27'),
(556, 1, 4, 1, 141, 5, 'present', '2018-09-27'),
(557, 1, 4, 1, 142, 5, 'present', '2018-09-27'),
(558, 1, 4, 1, 143, 5, 'present', '2018-09-27'),
(559, 1, 4, 1, 144, 5, 'present', '2018-09-27'),
(560, 1, 4, 1, 145, 5, 'present', '2018-09-27'),
(561, 1, 4, 1, 146, 5, 'present', '2018-09-27'),
(562, 1, 4, 1, 147, 5, 'present', '2018-09-27'),
(563, 1, 4, 1, 148, 5, 'present', '2018-09-27'),
(564, 1, 4, 1, 149, 5, 'present', '2018-09-27'),
(565, 1, 4, 1, 150, 5, 'present', '2018-09-27'),
(566, 1, 4, 1, 151, 5, 'present', '2018-09-27'),
(567, 1, 1, 1, 1, 1, 'present', '2018-10-02'),
(568, 1, 1, 1, 2, 1, 'present', '2018-10-02'),
(569, 1, 1, 1, 3, 1, 'absent', '2018-10-02'),
(570, 1, 1, 1, 4, 1, 'present', '2018-10-02'),
(571, 1, 1, 1, 5, 1, 'present', '2018-10-02'),
(572, 1, 1, 1, 6, 1, 'present', '2018-10-02'),
(573, 1, 1, 1, 7, 1, 'present', '2018-10-02'),
(574, 1, 1, 1, 8, 1, 'absent', '2018-10-02'),
(575, 1, 1, 1, 9, 1, 'present', '2018-10-02'),
(576, 1, 1, 1, 10, 1, 'present', '2018-10-02'),
(577, 1, 1, 1, 11, 1, 'present', '2018-10-02'),
(578, 1, 1, 1, 12, 1, 'absent', '2018-10-02'),
(579, 1, 1, 1, 13, 1, 'present', '2018-10-02'),
(580, 1, 1, 1, 14, 1, 'absent', '2018-10-02'),
(581, 1, 1, 1, 15, 1, 'present', '2018-10-02'),
(582, 1, 1, 1, 16, 1, 'present', '2018-10-02'),
(583, 1, 1, 1, 17, 1, 'present', '2018-10-02'),
(584, 1, 1, 1, 18, 1, 'present', '2018-10-02'),
(585, 1, 1, 1, 19, 1, 'absent', '2018-10-02'),
(586, 1, 1, 1, 20, 1, 'present', '2018-10-02'),
(587, 1, 1, 1, 21, 1, 'present', '2018-10-02'),
(588, 1, 1, 1, 22, 1, 'absent', '2018-10-02'),
(589, 1, 1, 1, 23, 1, 'present', '2018-10-02'),
(590, 1, 1, 1, 24, 1, 'absent', '2018-10-02'),
(591, 1, 1, 1, 25, 1, 'absent', '2018-10-02'),
(592, 1, 1, 1, 26, 1, 'present', '2018-10-02'),
(593, 1, 1, 1, 27, 1, 'present', '2018-10-02'),
(594, 1, 1, 1, 28, 1, 'present', '2018-10-02'),
(595, 1, 1, 1, 29, 1, 'present', '2018-10-02'),
(596, 1, 1, 1, 30, 1, 'present', '2018-10-02'),
(597, 1, 1, 1, 31, 1, 'present', '2018-10-02'),
(598, 1, 1, 1, 32, 1, 'absent', '2018-10-02'),
(599, 1, 1, 1, 33, 1, 'present', '2018-10-02'),
(600, 1, 1, 1, 34, 1, 'present', '2018-10-02'),
(601, 1, 1, 1, 35, 1, 'present', '2018-10-02'),
(602, 1, 2, 1, 152, 2, 'present', '2018-10-02'),
(603, 1, 2, 1, 153, 2, 'late', '2018-10-02'),
(604, 1, 2, 1, 154, 2, 'absent', '2018-10-02'),
(605, 1, 2, 1, 155, 2, 'present', '2018-10-02'),
(606, 1, 2, 1, 156, 2, 'present', '2018-10-02'),
(607, 1, 2, 1, 157, 2, 'present', '2018-10-02'),
(608, 1, 2, 1, 158, 2, 'present', '2018-10-02'),
(609, 1, 2, 1, 159, 2, 'present', '2018-10-02'),
(610, 1, 2, 1, 160, 2, 'present', '2018-10-02'),
(611, 1, 2, 1, 161, 2, 'present', '2018-10-02'),
(612, 1, 2, 1, 162, 2, 'present', '2018-10-02'),
(613, 1, 2, 1, 163, 2, 'present', '2018-10-02'),
(614, 1, 2, 1, 164, 2, 'present', '2018-10-02'),
(615, 1, 2, 1, 165, 2, 'present', '2018-10-02'),
(616, 1, 2, 1, 166, 2, 'late', '2018-10-02'),
(617, 1, 2, 1, 167, 2, 'present', '2018-10-02'),
(618, 1, 2, 1, 168, 2, 'present', '2018-10-02'),
(619, 1, 2, 1, 169, 2, 'present', '2018-10-02'),
(620, 1, 2, 1, 170, 2, 'present', '2018-10-02'),
(621, 1, 2, 1, 171, 2, 'late', '2018-10-02'),
(622, 1, 2, 1, 172, 2, 'present', '2018-10-02'),
(623, 1, 2, 1, 173, 2, 'present', '2018-10-02'),
(624, 1, 2, 1, 174, 2, 'present', '2018-10-02'),
(625, 1, 2, 1, 175, 2, 'present', '2018-10-02'),
(626, 1, 2, 1, 176, 2, 'absent', '2018-10-02'),
(627, 1, 2, 1, 177, 2, 'present', '2018-10-02'),
(628, 1, 2, 1, 178, 2, 'present', '2018-10-02'),
(629, 1, 2, 1, 179, 2, 'present', '2018-10-02'),
(630, 1, 2, 1, 180, 2, 'present', '2018-10-02'),
(631, 1, 2, 1, 181, 2, 'present', '2018-10-02'),
(632, 1, 2, 1, 182, 2, 'present', '2018-10-02'),
(633, 1, 2, 1, 183, 2, 'absent', '2018-10-02'),
(634, 1, 2, 1, 184, 2, 'present', '2018-10-02'),
(635, 1, 2, 1, 185, 2, 'present', '2018-10-02'),
(636, 1, 2, 1, 186, 2, 'present', '2018-10-02'),
(637, 1, 2, 1, 152, 2, 'present', '2018-10-03'),
(638, 1, 2, 1, 153, 2, 'present', '2018-10-03'),
(639, 1, 2, 1, 154, 2, 'present', '2018-10-03'),
(640, 1, 2, 1, 155, 2, 'present', '2018-10-03'),
(641, 1, 2, 1, 156, 2, 'present', '2018-10-03'),
(642, 1, 2, 1, 157, 2, 'present', '2018-10-03'),
(643, 1, 2, 1, 158, 2, 'present', '2018-10-03'),
(644, 1, 2, 1, 159, 2, 'present', '2018-10-03'),
(645, 1, 2, 1, 160, 2, 'present', '2018-10-03'),
(646, 1, 2, 1, 161, 2, 'present', '2018-10-03'),
(647, 1, 2, 1, 162, 2, 'present', '2018-10-03'),
(648, 1, 2, 1, 163, 2, 'absent', '2018-10-03'),
(649, 1, 2, 1, 164, 2, 'present', '2018-10-03'),
(650, 1, 2, 1, 165, 2, 'present', '2018-10-03'),
(651, 1, 2, 1, 166, 2, 'absent', '2018-10-03'),
(652, 1, 2, 1, 167, 2, 'present', '2018-10-03'),
(653, 1, 2, 1, 168, 2, 'absent', '2018-10-03'),
(654, 1, 2, 1, 169, 2, 'present', '2018-10-03'),
(655, 1, 2, 1, 170, 2, 'present', '2018-10-03'),
(656, 1, 2, 1, 171, 2, 'present', '2018-10-03'),
(657, 1, 2, 1, 172, 2, 'present', '2018-10-03'),
(658, 1, 2, 1, 173, 2, 'present', '2018-10-03'),
(659, 1, 2, 1, 174, 2, 'present', '2018-10-03'),
(660, 1, 2, 1, 175, 2, 'present', '2018-10-03'),
(661, 1, 2, 1, 176, 2, 'absent', '2018-10-03'),
(662, 1, 2, 1, 177, 2, 'present', '2018-10-03'),
(663, 1, 2, 1, 178, 2, 'absent', '2018-10-03'),
(664, 1, 2, 1, 179, 2, 'present', '2018-10-03'),
(665, 1, 2, 1, 180, 2, 'present', '2018-10-03'),
(666, 1, 2, 1, 181, 2, 'present', '2018-10-03'),
(667, 1, 2, 1, 182, 2, 'present', '2018-10-03'),
(668, 1, 2, 1, 183, 2, 'present', '2018-10-03'),
(669, 1, 2, 1, 184, 2, 'present', '2018-10-03'),
(670, 1, 2, 1, 185, 2, 'present', '2018-10-03'),
(671, 1, 2, 1, 186, 2, 'present', '2018-10-03'),
(672, 1, 4, 1, 73, 4, 'absent', '2018-10-08'),
(673, 1, 4, 1, 74, 4, 'present', '2018-10-08'),
(674, 1, 4, 1, 75, 4, 'present', '2018-10-08'),
(675, 1, 4, 1, 76, 4, 'present', '2018-10-08'),
(676, 1, 4, 1, 77, 4, 'present', '2018-10-08'),
(677, 1, 4, 1, 78, 4, 'present', '2018-10-08'),
(678, 1, 4, 1, 79, 4, 'present', '2018-10-08'),
(679, 1, 4, 1, 80, 4, 'present', '2018-10-08'),
(680, 1, 4, 1, 81, 4, 'present', '2018-10-08'),
(681, 1, 4, 1, 82, 4, 'present', '2018-10-08'),
(682, 1, 4, 1, 83, 4, 'present', '2018-10-08'),
(683, 1, 4, 1, 84, 4, 'present', '2018-10-08'),
(684, 1, 4, 1, 85, 4, 'present', '2018-10-08'),
(685, 1, 4, 1, 86, 4, 'present', '2018-10-08'),
(686, 1, 4, 1, 87, 4, 'present', '2018-10-08'),
(687, 1, 4, 1, 88, 4, 'present', '2018-10-08'),
(688, 1, 4, 1, 89, 4, 'present', '2018-10-08'),
(689, 1, 4, 1, 90, 4, 'present', '2018-10-08'),
(690, 1, 4, 1, 91, 4, 'present', '2018-10-08'),
(691, 1, 4, 1, 92, 4, 'present', '2018-10-08'),
(692, 1, 4, 1, 93, 4, 'present', '2018-10-08'),
(693, 1, 4, 1, 94, 4, 'absent', '2018-10-08'),
(694, 1, 4, 1, 95, 4, 'present', '2018-10-08'),
(695, 1, 4, 1, 96, 4, 'present', '2018-10-08'),
(696, 1, 4, 1, 97, 4, 'present', '2018-10-08'),
(697, 1, 4, 1, 98, 4, 'present', '2018-10-08'),
(698, 1, 4, 1, 99, 4, 'present', '2018-10-08'),
(699, 1, 4, 1, 100, 4, 'present', '2018-10-08'),
(700, 1, 4, 1, 101, 4, 'present', '2018-10-08'),
(701, 1, 4, 1, 102, 4, 'present', '2018-10-08'),
(702, 1, 4, 1, 103, 4, 'present', '2018-10-08'),
(703, 1, 4, 1, 104, 4, 'present', '2018-10-08'),
(704, 1, 4, 1, 105, 4, 'present', '2018-10-08'),
(705, 1, 4, 1, 106, 4, 'present', '2018-10-08'),
(706, 1, 4, 1, 107, 4, 'present', '2018-10-08'),
(707, 1, 4, 1, 108, 4, 'absent', '2018-10-08'),
(708, 1, 4, 1, 109, 4, 'present', '2018-10-08'),
(709, 1, 4, 1, 110, 4, 'present', '2018-10-08'),
(710, 1, 4, 1, 111, 4, 'present', '2018-10-08'),
(711, 1, 1, 1, 1, 1, 'present', '2018-10-15'),
(712, 1, 1, 1, 2, 1, 'absent', '2018-10-15'),
(713, 1, 1, 1, 3, 1, 'absent', '2018-10-15'),
(714, 1, 1, 1, 4, 1, 'absent', '2018-10-15'),
(715, 1, 1, 1, 5, 1, 'present', '2018-10-15'),
(716, 1, 1, 1, 6, 1, 'present', '2018-10-15'),
(717, 1, 1, 1, 7, 1, 'present', '2018-10-15'),
(718, 1, 1, 1, 8, 1, 'absent', '2018-10-15'),
(719, 1, 1, 1, 9, 1, 'present', '2018-10-15'),
(720, 1, 1, 1, 10, 1, 'present', '2018-10-15'),
(721, 1, 1, 1, 11, 1, 'present', '2018-10-15'),
(722, 1, 1, 1, 12, 1, 'present', '2018-10-15'),
(723, 1, 1, 1, 13, 1, 'absent', '2018-10-15'),
(724, 1, 1, 1, 14, 1, 'absent', '2018-10-15'),
(725, 1, 1, 1, 15, 1, 'absent', '2018-10-15'),
(726, 1, 1, 1, 16, 1, 'absent', '2018-10-15'),
(727, 1, 1, 1, 17, 1, 'present', '2018-10-15'),
(728, 1, 1, 1, 18, 1, 'absent', '2018-10-15'),
(729, 1, 1, 1, 19, 1, 'present', '2018-10-15'),
(730, 1, 1, 1, 20, 1, 'present', '2018-10-15'),
(731, 1, 1, 1, 21, 1, 'absent', '2018-10-15'),
(732, 1, 1, 1, 22, 1, 'present', '2018-10-15'),
(733, 1, 1, 1, 23, 1, 'present', '2018-10-15'),
(734, 1, 1, 1, 24, 1, 'absent', '2018-10-15'),
(735, 1, 1, 1, 25, 1, 'present', '2018-10-15'),
(736, 1, 1, 1, 26, 1, 'absent', '2018-10-15'),
(737, 1, 1, 1, 27, 1, 'absent', '2018-10-15'),
(738, 1, 1, 1, 28, 1, 'present', '2018-10-15'),
(739, 1, 1, 1, 29, 1, 'absent', '2018-10-15'),
(740, 1, 1, 1, 30, 1, 'present', '2018-10-15'),
(741, 1, 1, 1, 31, 1, 'absent', '2018-10-15'),
(742, 1, 1, 1, 32, 1, 'present', '2018-10-15'),
(743, 1, 1, 1, 33, 1, 'present', '2018-10-15'),
(744, 1, 1, 1, 34, 1, 'present', '2018-10-15'),
(745, 1, 1, 1, 35, 1, 'present', '2018-10-15'),
(746, 1, 4, 1, 73, 4, 'present', '2018-10-15'),
(747, 1, 4, 1, 74, 4, 'present', '2018-10-15'),
(748, 1, 4, 1, 75, 4, 'absent', '2018-10-15'),
(749, 1, 4, 1, 76, 4, 'present', '2018-10-15'),
(750, 1, 4, 1, 77, 4, 'present', '2018-10-15'),
(751, 1, 4, 1, 78, 4, 'present', '2018-10-15'),
(752, 1, 4, 1, 79, 4, 'present', '2018-10-15'),
(753, 1, 4, 1, 80, 4, 'present', '2018-10-15'),
(754, 1, 4, 1, 81, 4, 'present', '2018-10-15'),
(755, 1, 4, 1, 82, 4, 'present', '2018-10-15'),
(756, 1, 4, 1, 83, 4, 'absent', '2018-10-15'),
(757, 1, 4, 1, 84, 4, 'present', '2018-10-15'),
(758, 1, 4, 1, 85, 4, 'present', '2018-10-15'),
(759, 1, 4, 1, 86, 4, 'present', '2018-10-15'),
(760, 1, 4, 1, 87, 4, 'absent', '2018-10-15'),
(761, 1, 4, 1, 88, 4, 'present', '2018-10-15'),
(762, 1, 4, 1, 89, 4, 'present', '2018-10-15'),
(763, 1, 4, 1, 90, 4, 'present', '2018-10-15'),
(764, 1, 4, 1, 91, 4, 'present', '2018-10-15'),
(765, 1, 4, 1, 92, 4, 'present', '2018-10-15'),
(766, 1, 4, 1, 93, 4, 'present', '2018-10-15'),
(767, 1, 4, 1, 94, 4, 'absent', '2018-10-15'),
(768, 1, 4, 1, 95, 4, 'present', '2018-10-15'),
(769, 1, 4, 1, 96, 4, 'present', '2018-10-15'),
(770, 1, 4, 1, 97, 4, 'present', '2018-10-15'),
(771, 1, 4, 1, 98, 4, 'present', '2018-10-15'),
(772, 1, 4, 1, 99, 4, 'present', '2018-10-15'),
(773, 1, 4, 1, 100, 4, 'present', '2018-10-15'),
(774, 1, 4, 1, 101, 4, 'present', '2018-10-15'),
(775, 1, 4, 1, 102, 4, 'present', '2018-10-15'),
(776, 1, 4, 1, 103, 4, 'present', '2018-10-15'),
(777, 1, 4, 1, 104, 4, 'present', '2018-10-15'),
(778, 1, 4, 1, 105, 4, 'present', '2018-10-15'),
(779, 1, 4, 1, 106, 4, 'present', '2018-10-15'),
(780, 1, 4, 1, 107, 4, 'absent', '2018-10-15'),
(781, 1, 4, 1, 108, 4, 'absent', '2018-10-15'),
(782, 1, 4, 1, 109, 4, 'present', '2018-10-15'),
(783, 1, 4, 1, 110, 4, 'present', '2018-10-15'),
(784, 1, 4, 1, 111, 4, 'present', '2018-10-15');

-- --------------------------------------------------------

--
-- Table structure for table `grade`
--

CREATE TABLE `grade` (
  `id` int(11) NOT NULL,
  `prof_id` int(11) NOT NULL,
  `subject_id` int(11) NOT NULL,
  `section_id` int(11) NOT NULL,
  `grade_id` int(11) NOT NULL,
  `details` varchar(255) NOT NULL,
  `total_points` float(10,2) NOT NULL,
  `date_created` timestamp NOT NULL DEFAULT CURRENT_TIMESTAMP ON UPDATE CURRENT_TIMESTAMP
) ENGINE=InnoDB DEFAULT CHARSET=latin1;

--
-- Dumping data for table `grade`
--

INSERT INTO `grade` (`id`, `prof_id`, `subject_id`, `section_id`, `grade_id`, `details`, `total_points`, `date_created`) VALUES
(4, 1, 1, 1, 1, 'About ASP.NET', 36.00, '2018-10-22 10:55:54'),
(5, 1, 4, 5, 20, 'Create a function that will return age.', 100.00, '2018-09-23 04:48:49'),
(6, 2, 5, 6, 21, 'Create a program that will perform arithmetic operations.', 100.00, '2018-09-23 08:59:59'),
(7, 1, 1, 1, 5, 'ASP.NET Page Layout', 100.00, '2018-09-24 02:29:53'),
(8, 1, 3, 3, 13, 'Create a function that will get the days of the month.', 100.00, '2018-09-26 06:17:19'),
(9, 1, 4, 5, 18, 'Create a program that will display the price of a product once that specified product was entered using function with no argument but return a value.', 100.00, '2018-09-27 06:42:40'),
(10, 1, 2, 2, 8, 'MongoDB', 100.00, '2018-11-02 02:58:19'),
(30, 1, 1, 1, 4, 'Create a manual event in ASP.NET', 100.00, '2018-10-08 03:05:16'),
(31, 1, 1, 1, 4, 'Save to Access database.', 100.00, '2018-10-08 03:06:03'),
(32, 1, 1, 1, 26, 'Final Examination', 85.00, '2018-10-23 10:27:33'),
(33, 1, 4, 4, 16, 'Function', 25.00, '2018-10-15 06:07:09'),
(34, 1, 1, 1, 5, 'Grading System', 100.00, '2018-10-15 01:20:36'),
(35, 1, 4, 4, 16, 'String Library Function', 100.00, '2018-10-15 05:52:40'),
(36, 1, 4, 4, 18, 'Create a function that will get age.', 100.00, '2018-10-15 05:54:01'),
(37, 1, 4, 4, 20, 'Example of String Library Function', 100.00, '2018-10-15 05:55:24'),
(38, 1, 4, 4, 20, 'Function', 100.00, '2018-10-15 06:07:35'),
(39, 1, 4, 4, 19, 'Create a function that will get the days of a month.', 100.00, '2018-10-15 05:56:57'),
(40, 1, 4, 4, 17, 'Array, String Library Function, Categories of function base on argument and return type.', 100.00, '2018-10-15 05:58:08'),
(41, 1, 4, 5, 16, 'Function', 10.00, '2018-10-22 10:42:17'),
(42, 1, 2, 2, 8, 'NoSQL, MongoDB Ass.', 100.00, '2018-10-22 11:10:34'),
(43, 1, 4, 5, 16, 'Category of Function base on argument and return type', 100.00, '2018-10-22 11:21:23'),
(44, 1, 3, 3, 10, 'Clases and Methods', 31.00, '2018-10-22 11:46:27'),
(45, 1, 4, 4, 27, 'Final Examination', 86.00, '2018-10-22 12:58:37'),
(46, 1, 4, 5, 27, 'Final Examination', 86.00, '2018-10-22 13:16:58'),
(48, 6, 9, 10, 29, 'Function', 25.00, '2018-11-08 18:18:37'),
(49, 6, 9, 10, 29, 'Function', 25.00, '2018-11-08 18:18:37'),
(50, 6, 9, 10, 29, 'Function', 25.00, '2018-11-08 18:18:37'),
(51, 6, 9, 10, 29, 'Function', 25.00, '2018-11-08 18:18:38'),
(52, 6, 9, 10, 29, 'Function', 25.00, '2018-11-08 18:18:38'),
(53, 6, 9, 10, 29, 'Function', 25.00, '2018-11-08 18:18:38'),
(54, 6, 9, 10, 29, 'Function', 25.00, '2018-11-08 18:18:38'),
(69, 1, 4, 4, 17, 'Student Attendance', 3.00, '2018-11-15 02:29:54'),
(70, 1, 3, 3, 13, 'Student Attendance', 4.00, '2018-11-15 02:30:34'),
(71, 1, 4, 5, 19, 'Student Attendance', 3.00, '2018-11-15 02:30:57'),
(73, 1, 2, 2, 6, 'Student Attendance', 6.00, '2018-11-15 10:09:35'),
(74, 10, 14, 15, 38, 'Function', 100.00, '2018-11-15 16:36:35'),
(75, 1, 1, 1, 1, 'Student Attendance', 5.00, '2018-11-16 06:10:32');

-- --------------------------------------------------------

--
-- Table structure for table `grades`
--

CREATE TABLE `grades` (
  `id` int(11) NOT NULL,
  `prof_id` int(11) NOT NULL,
  `subject_id` int(11) NOT NULL,
  `section_id` int(11) NOT NULL,
  `grading_id` int(11) NOT NULL,
  `grade_id` int(11) NOT NULL,
  `student_id` int(11) NOT NULL,
  `points` decimal(10,2) NOT NULL,
  `date` timestamp NOT NULL DEFAULT CURRENT_TIMESTAMP ON UPDATE CURRENT_TIMESTAMP
) ENGINE=InnoDB DEFAULT CHARSET=latin1;

--
-- Dumping data for table `grades`
--

INSERT INTO `grades` (`id`, `prof_id`, `subject_id`, `section_id`, `grading_id`, `grade_id`, `student_id`, `points`, `date`) VALUES
(38, 1, 1, 1, 7, 0, 1, '100.00', '2018-10-08 03:07:08'),
(39, 1, 1, 1, 7, 0, 2, '100.00', '2018-10-08 03:07:08'),
(40, 1, 1, 1, 7, 0, 3, '100.00', '2018-10-08 03:07:08'),
(41, 1, 1, 1, 7, 0, 4, '100.00', '2018-10-08 03:07:08'),
(42, 1, 1, 1, 7, 0, 5, '100.00', '2018-10-08 03:07:08'),
(43, 1, 1, 1, 7, 0, 6, '100.00', '2018-10-08 03:07:08'),
(44, 1, 1, 1, 7, 0, 7, '100.00', '2018-10-08 03:07:08'),
(45, 1, 1, 1, 7, 0, 8, '100.00', '2018-10-08 03:07:08'),
(46, 1, 1, 1, 7, 0, 9, '100.00', '2018-10-08 03:07:08'),
(47, 1, 1, 1, 7, 0, 10, '100.00', '2018-10-08 03:07:08'),
(48, 1, 1, 1, 7, 0, 11, '100.00', '2018-10-08 03:07:08'),
(49, 1, 1, 1, 7, 0, 12, '100.00', '2018-10-08 03:07:08'),
(50, 1, 1, 1, 7, 0, 13, '100.00', '2018-10-08 03:07:08'),
(51, 1, 1, 1, 7, 0, 14, '100.00', '2018-10-08 03:07:08'),
(52, 1, 1, 1, 7, 0, 15, '100.00', '2018-10-08 03:07:08'),
(53, 1, 1, 1, 7, 0, 16, '100.00', '2018-10-08 03:07:08'),
(54, 1, 1, 1, 7, 0, 17, '100.00', '2018-10-08 03:07:08'),
(55, 1, 1, 1, 7, 0, 18, '100.00', '2018-10-08 03:07:08'),
(56, 1, 1, 1, 7, 0, 19, '100.00', '2018-10-08 03:07:08'),
(57, 1, 1, 1, 7, 0, 20, '100.00', '2018-10-08 03:07:08'),
(58, 1, 1, 1, 7, 0, 21, '100.00', '2018-10-08 03:07:08'),
(59, 1, 1, 1, 7, 0, 22, '100.00', '2018-10-08 03:07:08'),
(60, 1, 1, 1, 7, 0, 23, '100.00', '2018-10-08 03:07:08'),
(61, 1, 1, 1, 7, 0, 24, '100.00', '2018-10-08 03:07:08'),
(62, 1, 1, 1, 7, 0, 25, '100.00', '2018-10-08 03:07:08'),
(63, 1, 1, 1, 7, 0, 26, '100.00', '2018-10-08 03:07:09'),
(64, 1, 1, 1, 7, 0, 27, '100.00', '2018-10-08 03:07:09'),
(65, 1, 1, 1, 7, 0, 28, '100.00', '2018-10-08 03:07:09'),
(66, 1, 1, 1, 7, 0, 29, '100.00', '2018-10-08 03:07:09'),
(67, 1, 1, 1, 7, 0, 30, '100.00', '2018-10-08 03:07:09'),
(68, 1, 1, 1, 7, 0, 31, '100.00', '2018-10-08 03:07:09'),
(69, 1, 1, 1, 7, 0, 32, '100.00', '2018-10-08 03:07:09'),
(70, 1, 1, 1, 7, 0, 33, '100.00', '2018-10-08 03:07:09'),
(71, 1, 1, 1, 7, 0, 34, '100.00', '2018-10-08 03:07:09'),
(72, 1, 1, 1, 7, 0, 35, '100.00', '2018-10-08 03:07:09'),
(73, 1, 1, 1, 30, 0, 1, '100.00', '2018-10-08 03:20:32'),
(74, 1, 1, 1, 30, 0, 2, '80.00', '2018-10-08 03:44:06'),
(75, 1, 1, 1, 30, 0, 3, '0.00', '2018-10-08 03:20:32'),
(76, 1, 1, 1, 30, 0, 4, '0.00', '2018-10-08 03:20:32'),
(77, 1, 1, 1, 30, 0, 5, '0.00', '2018-10-08 03:20:32'),
(78, 1, 1, 1, 30, 0, 6, '100.00', '2018-10-08 03:20:32'),
(79, 1, 1, 1, 30, 0, 7, '100.00', '2018-10-08 03:20:32'),
(80, 1, 1, 1, 30, 0, 8, '100.00', '2018-10-08 03:20:32'),
(81, 1, 1, 1, 30, 0, 9, '95.00', '2018-10-08 03:20:32'),
(82, 1, 1, 1, 30, 0, 10, '100.00', '2018-10-08 03:20:32'),
(83, 1, 1, 1, 30, 0, 11, '100.00', '2018-10-08 03:20:32'),
(84, 1, 1, 1, 30, 0, 12, '100.00', '2018-10-08 03:20:32'),
(85, 1, 1, 1, 30, 0, 13, '100.00', '2018-10-08 03:20:32'),
(86, 1, 1, 1, 30, 0, 14, '100.00', '2018-10-08 03:20:32'),
(87, 1, 1, 1, 30, 0, 15, '80.00', '2018-10-08 03:44:30'),
(88, 1, 1, 1, 30, 0, 16, '0.00', '2018-10-08 03:20:32'),
(89, 1, 1, 1, 30, 0, 17, '100.00', '2018-10-08 03:20:32'),
(90, 1, 1, 1, 30, 0, 18, '100.00', '2018-10-08 03:20:32'),
(91, 1, 1, 1, 30, 0, 19, '0.00', '2018-10-08 03:26:37'),
(92, 1, 1, 1, 30, 0, 20, '100.00', '2018-10-08 03:20:33'),
(93, 1, 1, 1, 30, 0, 21, '100.00', '2018-10-08 03:20:33'),
(94, 1, 1, 1, 30, 0, 22, '0.00', '2018-10-08 03:20:33'),
(95, 1, 1, 1, 30, 0, 23, '100.00', '2018-10-08 03:20:33'),
(96, 1, 1, 1, 30, 0, 24, '100.00', '2018-10-08 03:20:33'),
(97, 1, 1, 1, 30, 0, 25, '100.00', '2018-10-08 03:20:33'),
(98, 1, 1, 1, 30, 0, 26, '0.00', '2018-10-08 03:20:33'),
(99, 1, 1, 1, 30, 0, 27, '100.00', '2018-10-08 03:20:33'),
(100, 1, 1, 1, 30, 0, 28, '100.00', '2018-10-08 03:20:33'),
(101, 1, 1, 1, 30, 0, 29, '100.00', '2018-10-08 03:20:33'),
(102, 1, 1, 1, 30, 0, 30, '100.00', '2018-10-08 03:20:33'),
(103, 1, 1, 1, 30, 0, 31, '100.00', '2018-10-08 03:20:33'),
(104, 1, 1, 1, 30, 0, 32, '0.00', '2018-10-08 03:20:33'),
(105, 1, 1, 1, 30, 0, 33, '100.00', '2018-10-08 03:20:33'),
(106, 1, 1, 1, 30, 0, 34, '100.00', '2018-10-08 03:20:33'),
(107, 1, 1, 1, 30, 0, 35, '100.00', '2018-10-08 03:20:33'),
(108, 1, 1, 1, 31, 1, 1, '100.00', '2018-10-08 03:25:59'),
(109, 1, 1, 1, 31, 1, 2, '0.00', '2018-10-08 03:25:59'),
(110, 1, 1, 1, 31, 1, 3, '90.00', '2018-10-25 05:16:49'),
(111, 1, 1, 1, 31, 1, 4, '0.00', '2018-10-08 03:25:59'),
(112, 1, 1, 1, 31, 1, 5, '0.00', '2018-10-08 03:25:59'),
(113, 1, 1, 1, 31, 1, 6, '100.00', '2018-10-08 03:25:59'),
(114, 1, 1, 1, 31, 1, 7, '100.00', '2018-10-08 03:25:59'),
(115, 1, 1, 1, 31, 1, 8, '100.00', '2018-10-08 03:25:59'),
(116, 1, 1, 1, 31, 1, 9, '90.00', '2018-10-08 03:25:59'),
(117, 1, 1, 1, 31, 1, 10, '80.00', '2018-10-08 04:35:49'),
(118, 1, 1, 1, 31, 1, 11, '100.00', '2018-10-08 03:25:59'),
(119, 1, 1, 1, 31, 1, 12, '0.00', '2018-10-08 03:25:59'),
(120, 1, 1, 1, 31, 1, 13, '100.00', '2018-10-08 03:25:59'),
(121, 1, 1, 1, 31, 1, 14, '0.00', '2018-10-08 03:25:59'),
(122, 1, 1, 1, 31, 1, 15, '0.00', '2018-10-08 03:25:59'),
(123, 1, 1, 1, 31, 1, 16, '100.00', '2018-10-08 03:25:59'),
(124, 1, 1, 1, 31, 1, 17, '80.00', '2018-10-08 04:35:25'),
(125, 1, 1, 1, 31, 1, 18, '0.00', '2018-10-08 03:25:59'),
(126, 1, 1, 1, 31, 1, 19, '100.00', '2018-10-08 03:26:50'),
(127, 1, 1, 1, 31, 1, 20, '80.00', '2018-10-08 04:00:09'),
(128, 1, 1, 1, 31, 1, 21, '100.00', '2018-10-08 03:25:59'),
(129, 1, 1, 1, 31, 1, 22, '0.00', '2018-10-08 03:25:59'),
(130, 1, 1, 1, 31, 1, 23, '100.00', '2018-10-08 03:25:59'),
(131, 1, 1, 1, 31, 1, 24, '0.00', '2018-10-08 03:25:59'),
(132, 1, 1, 1, 31, 1, 25, '0.00', '2018-10-08 03:25:59'),
(133, 1, 1, 1, 31, 1, 26, '0.00', '2018-10-08 03:26:00'),
(134, 1, 1, 1, 31, 1, 27, '0.00', '2018-10-08 03:26:00'),
(135, 1, 1, 1, 31, 1, 28, '100.00', '2018-10-08 03:26:00'),
(136, 1, 1, 1, 31, 1, 29, '100.00', '2018-10-08 03:26:00'),
(137, 1, 1, 1, 31, 1, 30, '80.00', '2018-10-08 03:59:41'),
(138, 1, 1, 1, 31, 1, 31, '100.00', '2018-10-08 03:26:00'),
(139, 1, 1, 1, 31, 1, 32, '0.00', '2018-10-08 03:26:00'),
(140, 1, 1, 1, 31, 1, 33, '0.00', '2018-10-08 03:26:00'),
(141, 1, 1, 1, 31, 1, 34, '100.00', '2018-10-08 03:26:00'),
(142, 1, 1, 1, 31, 1, 35, '90.00', '2018-10-08 03:26:00'),
(143, 1, 1, 1, 32, 0, 1, '62.00', '2018-10-23 14:11:48'),
(144, 1, 1, 1, 32, 0, 2, '58.00', '2018-10-23 14:12:47'),
(145, 1, 1, 1, 32, 0, 3, '60.00', '2018-10-23 14:21:15'),
(146, 1, 1, 1, 32, 0, 4, '60.00', '2018-10-23 14:19:04'),
(147, 1, 1, 1, 32, 0, 5, '65.00', '2018-10-23 14:09:00'),
(148, 1, 1, 1, 32, 0, 6, '69.00', '2018-10-23 14:14:26'),
(149, 1, 1, 1, 32, 0, 7, '65.00', '2018-10-23 14:20:38'),
(150, 1, 1, 1, 32, 0, 8, '58.00', '2018-10-23 14:20:19'),
(151, 1, 1, 1, 32, 0, 9, '54.00', '2018-10-23 14:19:30'),
(152, 1, 1, 1, 32, 0, 10, '48.00', '2018-10-23 14:19:53'),
(153, 1, 1, 1, 32, 0, 11, '71.00', '2018-10-23 14:18:09'),
(154, 1, 1, 1, 32, 0, 12, '48.00', '2018-10-23 14:08:37'),
(155, 1, 1, 1, 32, 0, 13, '47.00', '2018-10-23 14:15:55'),
(156, 1, 1, 1, 32, 0, 14, '59.00', '2018-10-23 14:12:21'),
(157, 1, 1, 1, 32, 0, 15, '69.00', '2018-10-23 14:09:49'),
(158, 1, 1, 1, 32, 0, 16, '50.00', '2018-10-23 14:13:15'),
(159, 1, 1, 1, 32, 0, 17, '62.00', '2018-10-23 14:14:54'),
(160, 1, 1, 1, 32, 0, 18, '62.00', '2018-10-23 14:11:29'),
(161, 1, 1, 1, 32, 0, 19, '62.00', '2018-10-23 14:11:07'),
(162, 1, 1, 1, 32, 0, 20, '59.00', '2018-10-23 14:13:34'),
(163, 1, 1, 1, 32, 0, 21, '63.00', '2018-10-23 14:15:14'),
(164, 1, 1, 1, 32, 0, 22, '72.00', '2018-10-23 14:08:14'),
(165, 1, 1, 1, 32, 0, 23, '79.00', '2018-10-23 14:17:07'),
(166, 1, 1, 1, 32, 0, 24, '64.00', '2018-10-23 14:20:58'),
(167, 1, 1, 1, 32, 0, 25, '77.00', '2018-10-23 14:09:15'),
(168, 1, 1, 1, 32, 0, 26, '0.00', '2018-10-08 03:34:57'),
(169, 1, 1, 1, 32, 0, 27, '60.00', '2018-10-23 14:10:16'),
(170, 1, 1, 1, 32, 0, 28, '75.00', '2018-10-23 14:17:44'),
(171, 1, 1, 1, 32, 0, 29, '51.00', '2018-10-23 14:16:47'),
(172, 1, 1, 1, 32, 0, 30, '67.00', '2018-10-23 14:17:28'),
(173, 1, 1, 1, 32, 0, 31, '73.00', '2018-10-23 14:13:56'),
(174, 1, 1, 1, 32, 0, 32, '61.00', '2018-10-23 14:10:38'),
(175, 1, 1, 1, 32, 0, 33, '56.00', '2018-10-23 14:16:23'),
(176, 1, 1, 1, 32, 0, 34, '66.00', '2018-10-23 14:15:34'),
(177, 1, 1, 1, 32, 0, 35, '64.00', '2018-10-23 14:18:42'),
(178, 1, 4, 4, 33, 0, 73, '0.00', '2018-10-08 07:03:51'),
(179, 1, 4, 4, 33, 0, 74, '18.00', '2018-10-08 07:03:51'),
(180, 1, 4, 4, 33, 0, 75, '16.00', '2018-10-08 07:03:51'),
(181, 1, 4, 4, 33, 0, 76, '15.00', '2018-10-08 07:03:51'),
(182, 1, 4, 4, 33, 0, 77, '8.00', '2018-10-08 07:03:51'),
(183, 1, 4, 4, 33, 0, 78, '14.00', '2018-10-08 07:03:51'),
(184, 1, 4, 4, 33, 0, 79, '17.00', '2018-10-08 07:03:51'),
(185, 1, 4, 4, 33, 0, 80, '15.00', '2018-10-08 07:03:51'),
(186, 1, 4, 4, 33, 0, 81, '12.00', '2018-10-08 07:03:51'),
(187, 1, 4, 4, 33, 0, 82, '15.00', '2018-10-08 07:03:51'),
(188, 1, 4, 4, 33, 0, 83, '8.00', '2018-10-08 07:03:52'),
(189, 1, 4, 4, 33, 0, 84, '18.00', '2018-10-08 07:03:52'),
(190, 1, 4, 4, 33, 0, 85, '15.00', '2018-10-08 07:03:52'),
(191, 1, 4, 4, 33, 0, 86, '14.00', '2018-10-08 07:03:52'),
(192, 1, 4, 4, 33, 0, 87, '8.00', '2018-10-08 07:03:52'),
(193, 1, 4, 4, 33, 0, 88, '18.00', '2018-10-08 07:03:52'),
(194, 1, 4, 4, 33, 0, 89, '18.00', '2018-10-08 07:03:52'),
(195, 1, 4, 4, 33, 0, 90, '18.00', '2018-10-08 07:03:52'),
(196, 1, 4, 4, 33, 0, 91, '19.00', '2018-10-08 07:03:52'),
(197, 1, 4, 4, 33, 0, 92, '22.00', '2018-10-08 07:03:52'),
(198, 1, 4, 4, 33, 0, 93, '9.00', '2018-10-08 07:03:52'),
(199, 1, 4, 4, 33, 0, 94, '0.00', '2018-10-08 07:03:52'),
(200, 1, 4, 4, 33, 0, 95, '14.00', '2018-10-08 07:03:52'),
(201, 1, 4, 4, 33, 0, 96, '17.00', '2018-10-08 07:03:52'),
(202, 1, 4, 4, 33, 0, 97, '16.00', '2018-10-08 07:03:52'),
(203, 1, 4, 4, 33, 0, 98, '18.00', '2018-10-08 07:03:52'),
(204, 1, 4, 4, 33, 0, 99, '17.00', '2018-10-08 07:03:52'),
(205, 1, 4, 4, 33, 0, 100, '8.00', '2018-10-08 07:03:52'),
(206, 1, 4, 4, 33, 0, 101, '19.00', '2018-10-08 07:03:52'),
(207, 1, 4, 4, 33, 0, 102, '17.00', '2018-10-08 07:03:52'),
(208, 1, 4, 4, 33, 0, 103, '19.00', '2018-10-08 07:03:52'),
(209, 1, 4, 4, 33, 0, 104, '19.00', '2018-10-08 07:03:52'),
(210, 1, 4, 4, 33, 0, 105, '20.00', '2018-10-08 07:03:52'),
(211, 1, 4, 4, 33, 0, 106, '15.00', '2018-10-08 07:03:52'),
(212, 1, 4, 4, 33, 0, 107, '14.00', '2018-10-08 07:03:52'),
(213, 1, 4, 4, 33, 0, 108, '0.00', '2018-10-08 07:03:52'),
(214, 1, 4, 4, 33, 0, 109, '14.00', '2018-10-08 07:03:52'),
(215, 1, 4, 4, 33, 0, 110, '17.00', '2018-10-08 07:03:52'),
(216, 1, 4, 4, 33, 0, 111, '14.00', '2018-10-08 07:03:52'),
(217, 1, 1, 1, 34, 1, 1, '95.00', '2018-10-15 03:48:01'),
(218, 1, 1, 1, 34, 1, 2, '0.00', '2018-10-15 03:48:01'),
(219, 1, 1, 1, 34, 1, 3, '90.00', '2018-10-25 05:19:12'),
(220, 1, 1, 1, 34, 1, 4, '0.00', '2018-10-15 03:48:01'),
(221, 1, 1, 1, 34, 1, 5, '0.00', '2018-10-15 03:48:01'),
(222, 1, 1, 1, 34, 1, 6, '80.00', '2018-10-15 03:48:01'),
(223, 1, 1, 1, 34, 1, 7, '85.00', '2018-10-15 03:55:16'),
(224, 1, 1, 1, 34, 1, 8, '0.00', '2018-10-15 03:48:01'),
(225, 1, 1, 1, 34, 1, 9, '80.00', '2018-10-15 03:51:18'),
(226, 1, 1, 1, 34, 1, 10, '0.00', '2018-10-15 03:48:01'),
(227, 1, 1, 1, 34, 1, 11, '100.00', '2018-10-15 03:48:01'),
(228, 1, 1, 1, 34, 1, 12, '0.00', '2018-10-15 03:48:02'),
(229, 1, 1, 1, 34, 1, 13, '0.00', '2018-10-15 03:48:02'),
(230, 1, 1, 1, 34, 1, 14, '0.00', '2018-10-15 03:48:02'),
(231, 1, 1, 1, 34, 1, 15, '0.00', '2018-10-15 03:48:02'),
(232, 1, 1, 1, 34, 1, 16, '0.00', '2018-10-15 03:48:02'),
(233, 1, 1, 1, 34, 1, 17, '100.00', '2018-10-15 03:48:02'),
(234, 1, 1, 1, 34, 1, 18, '0.00', '2018-10-15 03:48:02'),
(235, 1, 1, 1, 34, 1, 19, '85.00', '2018-10-15 03:52:58'),
(236, 1, 1, 1, 34, 1, 20, '80.00', '2018-10-15 04:01:40'),
(237, 1, 1, 1, 34, 1, 21, '0.00', '2018-10-15 03:48:02'),
(238, 1, 1, 1, 34, 1, 22, '80.00', '2018-10-15 03:57:50'),
(239, 1, 1, 1, 34, 1, 23, '100.00', '2018-10-15 03:48:02'),
(240, 1, 1, 1, 34, 1, 24, '0.00', '2018-10-15 03:48:02'),
(241, 1, 1, 1, 34, 1, 25, '85.00', '2018-10-15 04:00:40'),
(242, 1, 1, 1, 34, 1, 26, '0.00', '2018-10-15 03:48:02'),
(243, 1, 1, 1, 34, 1, 27, '0.00', '2018-10-15 03:48:02'),
(244, 1, 1, 1, 34, 1, 28, '80.00', '2018-10-15 03:56:16'),
(245, 1, 1, 1, 34, 1, 29, '0.00', '2018-10-15 03:48:02'),
(246, 1, 1, 1, 34, 1, 30, '80.00', '2018-10-15 03:59:55'),
(247, 1, 1, 1, 34, 1, 31, '90.00', '2018-10-15 03:48:02'),
(248, 1, 1, 1, 34, 1, 32, '0.00', '2018-10-15 03:48:02'),
(249, 1, 1, 1, 34, 1, 33, '0.00', '2018-10-15 03:48:02'),
(250, 1, 1, 1, 34, 1, 34, '80.00', '2018-10-15 03:48:02'),
(251, 1, 1, 1, 34, 1, 35, '0.00', '2018-10-15 03:48:02'),
(252, 1, 4, 5, 41, 0, 112, '0.00', '2018-10-22 10:53:50'),
(253, 1, 4, 5, 41, 0, 113, '9.00', '2018-10-22 10:53:51'),
(254, 1, 4, 5, 41, 0, 114, '7.00', '2018-10-22 10:53:51'),
(255, 1, 4, 5, 41, 0, 115, '0.00', '2018-10-22 10:53:51'),
(256, 1, 4, 5, 41, 0, 116, '9.00', '2018-10-22 10:53:51'),
(257, 1, 4, 5, 41, 0, 117, '9.00', '2018-10-22 10:53:51'),
(258, 1, 4, 5, 41, 0, 118, '10.00', '2018-10-22 10:53:51'),
(259, 1, 4, 5, 41, 0, 119, '9.00', '2018-10-22 10:53:51'),
(260, 1, 4, 5, 41, 0, 120, '0.00', '2018-10-22 10:53:51'),
(261, 1, 4, 5, 41, 0, 121, '0.00', '2018-10-22 10:53:51'),
(262, 1, 4, 5, 41, 0, 122, '0.00', '2018-10-22 10:53:51'),
(263, 1, 4, 5, 41, 0, 123, '5.00', '2018-10-22 10:53:51'),
(264, 1, 4, 5, 41, 0, 124, '0.00', '2018-10-22 10:53:51'),
(265, 1, 4, 5, 41, 0, 125, '8.00', '2018-10-22 10:53:51'),
(266, 1, 4, 5, 41, 0, 126, '10.00', '2018-10-22 10:53:51'),
(267, 1, 4, 5, 41, 0, 127, '10.00', '2018-10-22 10:53:51'),
(268, 1, 4, 5, 41, 0, 128, '0.00', '2018-10-22 10:53:51'),
(269, 1, 4, 5, 41, 0, 129, '0.00', '2018-10-22 10:53:51'),
(270, 1, 4, 5, 41, 0, 130, '10.00', '2018-10-22 10:53:51'),
(271, 1, 4, 5, 41, 0, 131, '9.00', '2018-10-22 10:53:51'),
(272, 1, 4, 5, 41, 0, 132, '0.00', '2018-10-22 10:53:51'),
(273, 1, 4, 5, 41, 0, 133, '8.00', '2018-10-22 10:53:51'),
(274, 1, 4, 5, 41, 0, 134, '0.00', '2018-10-22 10:53:51'),
(275, 1, 4, 5, 41, 0, 135, '10.00', '2018-10-22 10:53:52'),
(276, 1, 4, 5, 41, 0, 136, '7.00', '2018-10-22 10:53:52'),
(277, 1, 4, 5, 41, 0, 137, '4.00', '2018-10-22 10:53:52'),
(278, 1, 4, 5, 41, 0, 138, '10.00', '2018-10-22 10:53:52'),
(279, 1, 4, 5, 41, 0, 139, '9.00', '2018-10-22 10:53:52'),
(280, 1, 4, 5, 41, 0, 140, '0.00', '2018-10-22 10:53:52'),
(281, 1, 4, 5, 41, 0, 141, '0.00', '2018-10-22 10:53:52'),
(282, 1, 4, 5, 41, 0, 142, '8.00', '2018-10-22 10:53:52'),
(283, 1, 4, 5, 41, 0, 143, '0.00', '2018-10-22 10:53:52'),
(284, 1, 4, 5, 41, 0, 144, '8.00', '2018-10-22 10:53:52'),
(285, 1, 4, 5, 41, 0, 145, '8.00', '2018-10-22 10:53:52'),
(286, 1, 4, 5, 41, 0, 146, '9.00', '2018-10-22 10:53:52'),
(287, 1, 4, 5, 41, 0, 147, '10.00', '2018-10-22 10:53:52'),
(288, 1, 4, 5, 41, 0, 148, '4.00', '2018-10-22 10:53:52'),
(289, 1, 4, 5, 41, 0, 149, '8.00', '2018-10-22 10:53:52'),
(290, 1, 4, 5, 41, 0, 150, '10.00', '2018-10-22 10:53:52'),
(291, 1, 4, 5, 41, 0, 151, '10.00', '2018-10-22 10:53:52'),
(292, 1, 1, 1, 4, 0, 1, '33.00', '2018-10-22 11:07:47'),
(293, 1, 1, 1, 4, 0, 2, '33.00', '2018-10-22 11:07:47'),
(294, 1, 1, 1, 4, 0, 3, '29.00', '2018-10-22 11:07:47'),
(295, 1, 1, 1, 4, 0, 4, '28.00', '2018-10-22 11:07:47'),
(296, 1, 1, 1, 4, 0, 5, '33.00', '2018-10-22 11:07:47'),
(297, 1, 1, 1, 4, 0, 6, '31.00', '2018-10-22 11:07:47'),
(298, 1, 1, 1, 4, 0, 7, '31.00', '2018-10-22 11:07:47'),
(299, 1, 1, 1, 4, 0, 8, '32.00', '2018-10-22 11:07:47'),
(300, 1, 1, 1, 4, 0, 9, '26.00', '2018-10-22 11:07:47'),
(301, 1, 1, 1, 4, 0, 10, '27.00', '2018-10-22 11:07:47'),
(302, 1, 1, 1, 4, 0, 11, '35.00', '2018-10-22 11:07:47'),
(303, 1, 1, 1, 4, 0, 12, '23.00', '2018-10-22 11:07:47'),
(304, 1, 1, 1, 4, 0, 13, '32.00', '2018-10-22 11:07:47'),
(305, 1, 1, 1, 4, 0, 14, '31.00', '2018-10-22 11:07:47'),
(306, 1, 1, 1, 4, 0, 15, '32.00', '2018-10-22 11:07:47'),
(307, 1, 1, 1, 4, 0, 16, '25.00', '2018-10-22 11:07:47'),
(308, 1, 1, 1, 4, 0, 17, '28.00', '2018-10-22 11:07:47'),
(309, 1, 1, 1, 4, 0, 18, '20.00', '2018-10-22 11:07:47'),
(310, 1, 1, 1, 4, 0, 19, '31.00', '2018-10-22 11:07:47'),
(311, 1, 1, 1, 4, 0, 20, '34.00', '2018-10-22 11:07:47'),
(312, 1, 1, 1, 4, 0, 21, '32.00', '2018-10-22 11:07:47'),
(313, 1, 1, 1, 4, 0, 22, '33.00', '2018-10-22 11:07:47'),
(314, 1, 1, 1, 4, 0, 23, '34.00', '2018-10-22 11:07:47'),
(315, 1, 1, 1, 4, 0, 24, '29.00', '2018-10-22 11:07:47'),
(316, 1, 1, 1, 4, 0, 25, '34.00', '2018-10-22 11:07:48'),
(317, 1, 1, 1, 4, 0, 26, '32.00', '2018-10-22 11:07:48'),
(318, 1, 1, 1, 4, 0, 27, '29.00', '2018-10-22 11:07:48'),
(319, 1, 1, 1, 4, 0, 28, '31.00', '2018-10-22 11:07:48'),
(320, 1, 1, 1, 4, 0, 29, '0.00', '2018-10-22 11:07:48'),
(321, 1, 1, 1, 4, 0, 30, '32.00', '2018-10-22 11:07:48'),
(322, 1, 1, 1, 4, 0, 31, '35.00', '2018-10-22 11:07:48'),
(323, 1, 1, 1, 4, 0, 32, '0.00', '2018-10-22 11:07:48'),
(324, 1, 1, 1, 4, 0, 33, '21.00', '2018-10-22 11:07:48'),
(325, 1, 1, 1, 4, 0, 34, '32.00', '2018-10-22 11:07:48'),
(326, 1, 1, 1, 4, 0, 35, '28.00', '2018-10-22 11:07:48'),
(327, 1, 2, 2, 42, 1, 152, '0.00', '2018-10-22 11:18:19'),
(328, 1, 2, 2, 42, 1, 153, '99.00', '2018-10-22 11:18:19'),
(329, 1, 2, 2, 42, 1, 154, '83.00', '2018-10-22 11:18:19'),
(330, 1, 2, 2, 42, 1, 155, '0.00', '2018-10-22 11:18:19'),
(331, 1, 2, 2, 42, 1, 156, '100.00', '2018-10-22 11:18:19'),
(332, 1, 2, 2, 42, 1, 157, '97.00', '2018-10-22 11:18:19'),
(333, 1, 2, 2, 42, 1, 158, '0.00', '2018-10-22 11:18:19'),
(334, 1, 2, 2, 42, 1, 159, '0.00', '2018-10-22 11:18:19'),
(335, 1, 2, 2, 42, 1, 160, '99.00', '2018-10-22 11:18:19'),
(336, 1, 2, 2, 42, 1, 161, '97.00', '2018-10-22 11:18:19'),
(337, 1, 2, 2, 42, 1, 162, '85.00', '2018-10-22 11:18:19'),
(338, 1, 2, 2, 42, 1, 163, '84.00', '2018-10-22 11:18:19'),
(339, 1, 2, 2, 42, 1, 164, '0.00', '2018-10-22 11:18:19'),
(340, 1, 2, 2, 42, 1, 165, '0.00', '2018-10-22 11:18:19'),
(341, 1, 2, 2, 42, 1, 166, '0.00', '2018-10-22 11:18:19'),
(342, 1, 2, 2, 42, 1, 167, '97.00', '2018-10-22 11:18:19'),
(343, 1, 2, 2, 42, 1, 168, '0.00', '2018-10-22 11:18:19'),
(344, 1, 2, 2, 42, 1, 169, '0.00', '2018-10-22 11:18:20'),
(345, 1, 2, 2, 42, 1, 170, '99.00', '2018-10-22 11:18:20'),
(346, 1, 2, 2, 42, 1, 171, '0.00', '2018-10-22 11:18:20'),
(347, 1, 2, 2, 42, 1, 172, '80.00', '2018-10-22 11:18:20'),
(348, 1, 2, 2, 42, 1, 173, '92.00', '2018-10-22 11:18:20'),
(349, 1, 2, 2, 42, 1, 174, '92.00', '2018-10-22 11:18:20'),
(350, 1, 2, 2, 42, 1, 175, '93.00', '2018-10-22 11:18:20'),
(351, 1, 2, 2, 42, 1, 176, '0.00', '2018-10-22 11:18:20'),
(352, 1, 2, 2, 42, 1, 177, '0.00', '2018-10-22 11:18:20'),
(353, 1, 2, 2, 42, 1, 178, '0.00', '2018-10-22 11:18:20'),
(354, 1, 2, 2, 42, 1, 179, '100.00', '2018-10-22 11:18:20'),
(355, 1, 2, 2, 42, 1, 180, '97.00', '2018-10-22 11:18:20'),
(356, 1, 2, 2, 42, 1, 181, '86.00', '2018-10-22 11:18:20'),
(357, 1, 2, 2, 42, 1, 182, '88.00', '2018-10-22 11:18:20'),
(358, 1, 2, 2, 42, 1, 183, '0.00', '2018-10-22 11:18:20'),
(359, 1, 2, 2, 42, 1, 184, '0.00', '2018-10-22 11:18:20'),
(360, 1, 2, 2, 42, 1, 185, '0.00', '2018-10-22 11:18:20'),
(361, 1, 2, 2, 42, 1, 186, '0.00', '2018-10-22 11:18:20'),
(362, 1, 4, 5, 43, 1, 112, '80.00', '2018-10-22 11:37:02'),
(363, 1, 4, 5, 43, 1, 113, '80.00', '2018-10-22 11:37:02'),
(364, 1, 4, 5, 43, 1, 114, '76.00', '2018-10-22 11:37:02'),
(365, 1, 4, 5, 43, 1, 115, '79.00', '2018-10-22 11:37:03'),
(366, 1, 4, 5, 43, 1, 116, '79.00', '2018-10-22 11:37:03'),
(367, 1, 4, 5, 43, 1, 117, '76.00', '2018-10-22 11:37:03'),
(368, 1, 4, 5, 43, 1, 118, '77.00', '2018-10-22 11:37:03'),
(369, 1, 4, 5, 43, 1, 119, '0.00', '2018-10-22 11:37:03'),
(370, 1, 4, 5, 43, 1, 120, '0.00', '2018-10-22 11:37:03'),
(371, 1, 4, 5, 43, 1, 121, '0.00', '2018-10-22 11:37:03'),
(372, 1, 4, 5, 43, 1, 122, '0.00', '2018-10-22 11:37:03'),
(373, 1, 4, 5, 43, 1, 123, '75.00', '2018-10-22 11:40:43'),
(374, 1, 4, 5, 43, 1, 124, '78.00', '2018-10-22 11:41:14'),
(375, 1, 4, 5, 43, 1, 125, '79.00', '2018-10-22 11:37:03'),
(376, 1, 4, 5, 43, 1, 126, '77.00', '2018-10-22 11:37:03'),
(377, 1, 4, 5, 43, 1, 127, '0.00', '2018-10-22 11:37:03'),
(378, 1, 4, 5, 43, 1, 128, '82.00', '2018-10-22 11:37:03'),
(379, 1, 4, 5, 43, 1, 129, '0.00', '2018-10-22 11:37:03'),
(380, 1, 4, 5, 43, 1, 130, '76.00', '2018-10-22 11:37:03'),
(381, 1, 4, 5, 43, 1, 131, '75.00', '2018-10-22 11:37:03'),
(382, 1, 4, 5, 43, 1, 132, '78.00', '2018-10-22 11:37:03'),
(383, 1, 4, 5, 43, 1, 133, '79.00', '2018-10-22 11:37:03'),
(384, 1, 4, 5, 43, 1, 134, '0.00', '2018-10-22 11:37:03'),
(385, 1, 4, 5, 43, 1, 135, '76.00', '2018-10-22 11:37:03'),
(386, 1, 4, 5, 43, 1, 136, '76.00', '2018-10-22 11:37:03'),
(387, 1, 4, 5, 43, 1, 137, '82.00', '2018-10-22 11:37:03'),
(388, 1, 4, 5, 43, 1, 138, '76.00', '2018-10-22 11:37:03'),
(389, 1, 4, 5, 43, 1, 139, '78.00', '2018-10-22 11:37:04'),
(390, 1, 4, 5, 43, 1, 140, '79.00', '2018-10-22 11:40:10'),
(391, 1, 4, 5, 43, 1, 141, '76.00', '2018-10-22 11:37:04'),
(392, 1, 4, 5, 43, 1, 142, '76.00', '2018-10-22 11:37:04'),
(393, 1, 4, 5, 43, 1, 143, '75.00', '2018-10-22 11:37:04'),
(394, 1, 4, 5, 43, 1, 144, '0.00', '2018-10-22 11:37:04'),
(395, 1, 4, 5, 43, 1, 145, '82.00', '2018-10-22 11:37:04'),
(396, 1, 4, 5, 43, 1, 146, '75.00', '2018-10-22 11:37:04'),
(397, 1, 4, 5, 43, 1, 147, '79.00', '2018-10-22 11:37:04'),
(398, 1, 4, 5, 43, 1, 148, '80.00', '2018-10-22 11:37:04'),
(399, 1, 4, 5, 43, 1, 149, '77.00', '2018-10-22 11:37:04'),
(400, 1, 4, 5, 43, 1, 150, '0.00', '2018-10-22 11:37:04'),
(401, 1, 4, 5, 43, 1, 151, '76.00', '2018-10-22 11:37:04'),
(402, 1, 4, 4, 39, 0, 73, '0.00', '2018-10-22 11:43:26'),
(403, 1, 4, 4, 39, 0, 74, '0.00', '2018-10-22 11:43:26'),
(404, 1, 4, 4, 39, 0, 75, '0.00', '2018-10-22 11:43:26'),
(405, 1, 4, 4, 39, 0, 76, '0.00', '2018-10-22 11:43:26'),
(406, 1, 4, 4, 39, 0, 77, '0.00', '2018-10-22 11:43:26'),
(407, 1, 4, 4, 39, 0, 78, '0.00', '2018-10-22 11:43:26'),
(408, 1, 4, 4, 39, 0, 79, '0.00', '2018-10-22 11:43:26'),
(409, 1, 4, 4, 39, 0, 80, '0.00', '2018-10-22 11:43:26'),
(410, 1, 4, 4, 39, 0, 81, '0.00', '2018-10-22 11:43:26'),
(411, 1, 4, 4, 39, 0, 82, '0.00', '2018-10-22 11:43:26'),
(412, 1, 4, 4, 39, 0, 83, '0.00', '2018-10-22 11:43:26'),
(413, 1, 4, 4, 39, 0, 84, '0.00', '2018-10-22 11:43:26'),
(414, 1, 4, 4, 39, 0, 85, '0.00', '2018-10-22 11:43:27'),
(415, 1, 4, 4, 39, 0, 86, '0.00', '2018-10-22 11:43:27'),
(416, 1, 4, 4, 39, 0, 87, '0.00', '2018-10-22 11:43:27'),
(417, 1, 4, 4, 39, 0, 88, '0.00', '2018-10-22 11:43:27'),
(418, 1, 4, 4, 39, 0, 89, '0.00', '2018-10-22 11:43:27'),
(419, 1, 4, 4, 39, 0, 90, '0.00', '2018-10-22 11:43:27'),
(420, 1, 4, 4, 39, 0, 91, '0.00', '2018-10-22 11:43:27'),
(421, 1, 4, 4, 39, 0, 92, '0.00', '2018-10-22 11:43:27'),
(422, 1, 4, 4, 39, 0, 93, '0.00', '2018-10-22 11:43:27'),
(423, 1, 4, 4, 39, 0, 94, '0.00', '2018-10-22 11:43:27'),
(424, 1, 4, 4, 39, 0, 95, '0.00', '2018-10-22 11:43:27'),
(425, 1, 4, 4, 39, 0, 96, '0.00', '2018-10-22 11:43:27'),
(426, 1, 4, 4, 39, 0, 97, '0.00', '2018-10-22 11:43:27'),
(427, 1, 4, 4, 39, 0, 98, '0.00', '2018-10-22 11:43:27'),
(428, 1, 4, 4, 39, 0, 99, '0.00', '2018-10-22 11:43:27'),
(429, 1, 4, 4, 39, 0, 100, '0.00', '2018-10-22 11:43:27'),
(430, 1, 4, 4, 39, 0, 101, '0.00', '2018-10-22 11:43:27'),
(431, 1, 4, 4, 39, 0, 102, '0.00', '2018-10-22 11:43:27'),
(432, 1, 4, 4, 39, 0, 103, '0.00', '2018-10-22 11:43:27'),
(433, 1, 4, 4, 39, 0, 104, '0.00', '2018-10-22 11:43:27'),
(434, 1, 4, 4, 39, 0, 105, '0.00', '2018-10-22 11:43:27'),
(435, 1, 4, 4, 39, 0, 106, '0.00', '2018-10-22 11:43:28'),
(436, 1, 4, 4, 39, 0, 107, '0.00', '2018-10-22 11:43:28'),
(437, 1, 4, 4, 39, 0, 108, '0.00', '2018-10-22 11:43:28'),
(438, 1, 4, 4, 39, 0, 109, '0.00', '2018-10-22 11:43:28'),
(439, 1, 4, 4, 39, 0, 110, '0.00', '2018-10-22 11:43:28'),
(440, 1, 4, 4, 39, 0, 111, '0.00', '2018-10-22 11:43:28'),
(441, 1, 3, 3, 44, 0, 36, '22.00', '2018-10-22 11:58:32'),
(442, 1, 3, 3, 44, 0, 37, '8.00', '2018-10-22 11:58:32'),
(443, 1, 3, 3, 44, 0, 38, '8.00', '2018-10-22 11:58:32'),
(444, 1, 3, 3, 44, 0, 39, '9.00', '2018-10-22 11:58:32'),
(445, 1, 3, 3, 44, 0, 40, '8.00', '2018-10-22 11:58:32'),
(446, 1, 3, 3, 44, 0, 41, '0.00', '2018-10-22 11:58:32'),
(447, 1, 3, 3, 44, 0, 42, '0.00', '2018-10-22 11:58:32'),
(448, 1, 3, 3, 44, 0, 43, '19.00', '2018-10-22 11:58:32'),
(449, 1, 3, 3, 44, 0, 44, '0.00', '2018-10-22 11:58:32'),
(450, 1, 3, 3, 44, 0, 45, '14.00', '2018-10-22 11:58:33'),
(451, 1, 3, 3, 44, 0, 46, '7.00', '2018-10-22 11:58:33'),
(452, 1, 3, 3, 44, 0, 47, '8.00', '2018-10-22 11:58:33'),
(453, 1, 3, 3, 44, 0, 48, '8.00', '2018-10-22 11:58:33'),
(454, 1, 3, 3, 44, 0, 49, '10.00', '2018-10-22 11:58:33'),
(455, 1, 3, 3, 44, 0, 50, '9.00', '2018-10-22 11:58:33'),
(456, 1, 3, 3, 44, 0, 51, '8.00', '2018-10-22 11:58:33'),
(457, 1, 3, 3, 44, 0, 52, '9.00', '2018-10-22 11:58:33'),
(458, 1, 3, 3, 44, 0, 53, '10.00', '2018-10-22 11:58:33'),
(459, 1, 3, 3, 44, 0, 54, '9.00', '2018-10-22 11:58:33'),
(460, 1, 3, 3, 44, 0, 55, '10.00', '2018-10-22 11:58:33'),
(461, 1, 3, 3, 44, 0, 56, '13.00', '2018-10-22 11:58:33'),
(462, 1, 3, 3, 44, 0, 57, '0.00', '2018-10-22 11:58:33'),
(463, 1, 3, 3, 44, 0, 58, '24.00', '2018-10-22 11:58:33'),
(464, 1, 3, 3, 44, 0, 59, '30.00', '2018-10-22 11:58:33'),
(465, 1, 3, 3, 44, 0, 60, '0.00', '2018-10-22 11:58:33'),
(466, 1, 3, 3, 44, 0, 61, '9.00', '2018-10-22 11:58:33'),
(467, 1, 3, 3, 44, 0, 62, '9.00', '2018-10-22 11:58:33'),
(468, 1, 3, 3, 44, 0, 63, '0.00', '2018-10-22 11:58:33'),
(469, 1, 3, 3, 44, 0, 64, '9.00', '2018-10-22 11:58:33'),
(470, 1, 3, 3, 44, 0, 65, '4.00', '2018-10-22 11:58:33'),
(471, 1, 3, 3, 44, 0, 66, '8.00', '2018-10-22 11:58:33'),
(472, 1, 3, 3, 44, 0, 67, '10.00', '2018-10-22 11:58:34'),
(473, 1, 3, 3, 44, 0, 68, '0.00', '2018-10-22 11:58:34'),
(474, 1, 3, 3, 44, 0, 69, '0.00', '2018-10-22 11:58:34'),
(475, 1, 3, 3, 44, 0, 70, '0.00', '2018-10-22 11:58:34'),
(476, 1, 3, 3, 44, 0, 71, '0.00', '2018-10-22 11:58:34'),
(477, 1, 3, 3, 44, 0, 72, '13.00', '2018-10-22 11:58:34'),
(478, 1, 4, 4, 45, 0, 73, '54.00', '2018-10-22 13:16:03'),
(479, 1, 4, 4, 45, 0, 74, '59.00', '2018-10-22 13:16:03'),
(480, 1, 4, 4, 45, 0, 75, '0.00', '2018-10-22 13:16:03'),
(481, 1, 4, 4, 45, 0, 76, '49.00', '2018-10-22 13:16:03'),
(482, 1, 4, 4, 45, 0, 77, '38.00', '2018-10-22 13:16:03'),
(483, 1, 4, 4, 45, 0, 78, '60.00', '2018-10-22 13:16:03'),
(484, 1, 4, 4, 45, 0, 79, '53.00', '2018-10-22 13:16:03'),
(485, 1, 4, 4, 45, 0, 80, '52.00', '2018-10-22 13:16:03'),
(486, 1, 4, 4, 45, 0, 81, '53.00', '2018-10-22 13:16:03'),
(487, 1, 4, 4, 45, 0, 82, '49.00', '2018-10-22 13:16:03'),
(488, 1, 4, 4, 45, 0, 83, '51.00', '2018-10-22 13:16:03'),
(489, 1, 4, 4, 45, 0, 84, '52.00', '2018-10-22 13:16:03'),
(490, 1, 4, 4, 45, 0, 85, '45.00', '2018-10-22 13:16:03'),
(491, 1, 4, 4, 45, 0, 86, '64.00', '2018-10-22 13:16:03'),
(492, 1, 4, 4, 45, 0, 87, '54.00', '2018-10-22 13:16:03'),
(493, 1, 4, 4, 45, 0, 88, '53.00', '2018-10-22 13:16:03'),
(494, 1, 4, 4, 45, 0, 89, '47.00', '2018-10-22 13:16:04'),
(495, 1, 4, 4, 45, 0, 90, '47.00', '2018-10-22 13:16:04'),
(496, 1, 4, 4, 45, 0, 91, '56.00', '2018-10-22 13:16:04'),
(497, 1, 4, 4, 45, 0, 92, '85.00', '2018-10-22 13:16:04'),
(498, 1, 4, 4, 45, 0, 93, '44.00', '2018-10-22 13:16:04'),
(499, 1, 4, 4, 45, 0, 94, '0.00', '2018-10-22 13:16:04'),
(500, 1, 4, 4, 45, 0, 95, '0.00', '2018-10-22 13:16:04'),
(501, 1, 4, 4, 45, 0, 96, '56.00', '2018-10-22 13:16:04'),
(502, 1, 4, 4, 45, 0, 97, '29.00', '2018-10-22 13:16:04'),
(503, 1, 4, 4, 45, 0, 98, '61.00', '2018-10-22 13:16:04'),
(504, 1, 4, 4, 45, 0, 99, '47.00', '2018-10-22 13:16:04'),
(505, 1, 4, 4, 45, 0, 100, '28.00', '2018-10-22 13:16:04'),
(506, 1, 4, 4, 45, 0, 101, '39.00', '2018-10-22 13:16:04'),
(507, 1, 4, 4, 45, 0, 102, '66.00', '2018-10-22 13:16:04'),
(508, 1, 4, 4, 45, 0, 103, '55.00', '2018-10-22 13:16:04'),
(509, 1, 4, 4, 45, 0, 104, '51.00', '2018-10-22 13:16:04'),
(510, 1, 4, 4, 45, 0, 105, '58.00', '2018-10-22 13:16:04'),
(511, 1, 4, 4, 45, 0, 106, '49.00', '2018-10-22 13:16:04'),
(512, 1, 4, 4, 45, 0, 107, '63.00', '2018-10-22 13:16:04'),
(513, 1, 4, 4, 45, 0, 108, '0.00', '2018-10-22 13:16:04'),
(514, 1, 4, 4, 45, 0, 109, '67.00', '2018-10-22 13:16:04'),
(515, 1, 4, 4, 45, 0, 110, '49.00', '2018-10-22 13:16:04'),
(516, 1, 4, 4, 45, 0, 111, '54.00', '2018-10-22 13:16:04'),
(517, 1, 4, 5, 46, 0, 112, '44.00', '2018-10-22 13:40:54'),
(518, 1, 4, 5, 46, 0, 113, '77.00', '2018-10-22 13:40:54'),
(519, 1, 4, 5, 46, 0, 114, '52.00', '2018-10-22 13:40:54'),
(520, 1, 4, 5, 46, 0, 115, '46.00', '2018-10-22 13:40:55'),
(521, 1, 4, 5, 46, 0, 116, '64.00', '2018-10-22 13:40:55'),
(522, 1, 4, 5, 46, 0, 117, '63.00', '2018-10-22 13:40:55'),
(523, 1, 4, 5, 46, 0, 118, '61.00', '2018-10-22 13:40:55'),
(524, 1, 4, 5, 46, 0, 119, '56.00', '2018-10-22 13:40:55'),
(525, 1, 4, 5, 46, 0, 120, '0.00', '2018-10-22 13:40:55'),
(526, 1, 4, 5, 46, 0, 121, '0.00', '2018-10-22 13:40:55'),
(527, 1, 4, 5, 46, 0, 122, '0.00', '2018-10-22 13:40:55'),
(528, 1, 4, 5, 46, 0, 123, '45.00', '2018-10-22 13:40:55'),
(529, 1, 4, 5, 46, 0, 124, '32.00', '2018-10-22 13:40:55'),
(530, 1, 4, 5, 46, 0, 125, '67.00', '2018-10-22 13:40:55'),
(531, 1, 4, 5, 46, 0, 126, '47.00', '2018-10-22 13:40:55'),
(532, 1, 4, 5, 46, 0, 127, '36.00', '2018-10-22 13:40:55'),
(533, 1, 4, 5, 46, 0, 128, '45.00', '2018-10-22 13:40:55'),
(534, 1, 4, 5, 46, 0, 129, '0.00', '2018-10-22 13:40:55'),
(535, 1, 4, 5, 46, 0, 130, '60.00', '2018-10-22 13:40:55'),
(536, 1, 4, 5, 46, 0, 131, '44.00', '2018-10-22 13:40:55'),
(537, 1, 4, 5, 46, 0, 132, '69.00', '2018-10-22 13:40:55'),
(538, 1, 4, 5, 46, 0, 133, '44.00', '2018-10-22 13:40:55'),
(539, 1, 4, 5, 46, 0, 134, '0.00', '2018-10-22 13:40:55'),
(540, 1, 4, 5, 46, 0, 135, '73.00', '2018-10-22 13:40:55'),
(541, 1, 4, 5, 46, 0, 136, '67.00', '2018-10-22 13:40:55'),
(542, 1, 4, 5, 46, 0, 137, '57.00', '2018-10-22 13:40:55'),
(543, 1, 4, 5, 46, 0, 138, '74.00', '2018-10-22 13:40:55'),
(544, 1, 4, 5, 46, 0, 139, '37.00', '2018-10-22 13:40:56'),
(545, 1, 4, 5, 46, 0, 140, '49.00', '2018-10-22 13:40:56'),
(546, 1, 4, 5, 46, 0, 141, '78.00', '2018-10-22 13:40:56'),
(547, 1, 4, 5, 46, 0, 142, '49.00', '2018-10-22 13:40:56'),
(548, 1, 4, 5, 46, 0, 143, '63.00', '2018-10-22 13:40:56'),
(549, 1, 4, 5, 46, 0, 144, '51.00', '2018-10-22 13:40:56'),
(550, 1, 4, 5, 46, 0, 145, '45.00', '2018-10-22 13:40:56'),
(551, 1, 4, 5, 46, 0, 146, '83.00', '2018-10-22 13:40:56'),
(552, 1, 4, 5, 46, 0, 147, '51.00', '2018-10-22 13:40:56'),
(553, 1, 4, 5, 46, 0, 148, '430.00', '2018-10-22 13:40:56'),
(554, 1, 4, 5, 46, 0, 149, '56.00', '2018-10-22 13:40:56'),
(555, 1, 4, 5, 46, 0, 150, '37.00', '2018-10-22 13:40:56'),
(556, 1, 4, 5, 46, 0, 151, '58.00', '2018-10-22 13:40:56'),
(557, 1, 1, 1, 47, 1, 1, '100.00', '2018-11-08 10:36:56'),
(558, 1, 1, 1, 47, 1, 2, '100.00', '2018-11-08 10:36:56'),
(559, 1, 1, 1, 47, 1, 3, '100.00', '2018-11-08 10:36:56'),
(560, 1, 1, 1, 47, 1, 4, '100.00', '2018-11-08 10:36:56'),
(561, 1, 1, 1, 47, 1, 5, '100.00', '2018-11-08 10:36:56'),
(562, 1, 1, 1, 47, 1, 6, '100.00', '2018-11-08 10:36:56'),
(563, 1, 1, 1, 47, 1, 7, '100.00', '2018-11-08 10:36:56'),
(564, 1, 1, 1, 47, 1, 8, '100.00', '2018-11-08 10:36:56'),
(565, 1, 1, 1, 47, 1, 9, '100.00', '2018-11-08 10:36:56'),
(566, 1, 1, 1, 47, 1, 10, '100.00', '2018-11-08 10:36:56'),
(567, 1, 1, 1, 47, 1, 11, '100.00', '2018-11-08 10:36:57'),
(568, 1, 1, 1, 47, 1, 12, '100.00', '2018-11-08 10:36:57'),
(569, 1, 1, 1, 47, 1, 13, '100.00', '2018-11-08 10:36:57'),
(570, 1, 1, 1, 47, 1, 14, '100.00', '2018-11-08 10:36:57'),
(571, 1, 1, 1, 47, 1, 15, '100.00', '2018-11-08 10:36:57'),
(572, 1, 1, 1, 47, 1, 16, '100.00', '2018-11-08 10:36:57'),
(573, 1, 1, 1, 47, 1, 17, '100.00', '2018-11-08 10:36:57'),
(574, 1, 1, 1, 47, 1, 18, '100.00', '2018-11-08 10:36:57'),
(575, 1, 1, 1, 47, 1, 19, '100.00', '2018-11-08 10:36:57'),
(576, 1, 1, 1, 47, 1, 20, '100.00', '2018-11-08 10:36:57'),
(577, 1, 1, 1, 47, 1, 21, '100.00', '2018-11-08 10:36:57'),
(578, 1, 1, 1, 47, 1, 22, '100.00', '2018-11-08 10:36:57'),
(579, 1, 1, 1, 47, 1, 23, '100.00', '2018-11-08 10:36:57'),
(580, 1, 1, 1, 47, 1, 24, '100.00', '2018-11-08 10:36:57'),
(581, 1, 1, 1, 47, 1, 25, '100.00', '2018-11-08 10:36:57'),
(582, 1, 1, 1, 47, 1, 26, '100.00', '2018-11-08 10:36:57'),
(583, 1, 1, 1, 47, 1, 27, '100.00', '2018-11-08 10:36:58'),
(584, 1, 1, 1, 47, 1, 28, '100.00', '2018-11-08 10:36:58'),
(585, 1, 1, 1, 47, 1, 29, '100.00', '2018-11-08 10:36:58'),
(586, 1, 1, 1, 47, 1, 30, '100.00', '2018-11-08 10:36:58'),
(587, 1, 1, 1, 47, 1, 31, '100.00', '2018-11-08 10:36:58'),
(588, 1, 1, 1, 47, 1, 32, '100.00', '2018-11-08 10:36:58'),
(589, 1, 1, 1, 47, 1, 33, '100.00', '2018-11-08 10:36:58'),
(590, 1, 1, 1, 47, 1, 34, '100.00', '2018-11-08 10:36:58'),
(591, 1, 1, 1, 47, 1, 35, '100.00', '2018-11-08 10:36:58'),
(592, 6, 9, 10, 48, 0, 190, '10.00', '2018-11-08 18:24:41'),
(593, 6, 9, 10, 48, 0, 191, '15.00', '2018-11-08 18:24:41'),
(594, 1, 2, 2, 65, 0, 152, '3.00', '2018-11-15 01:47:34'),
(595, 1, 2, 2, 65, 0, 153, '5.00', '2018-11-15 01:47:34'),
(596, 1, 2, 2, 65, 0, 154, '5.00', '2018-11-15 01:47:34'),
(597, 1, 2, 2, 65, 0, 155, '6.00', '2018-11-15 01:47:34'),
(598, 1, 2, 2, 65, 0, 156, '6.00', '2018-11-15 01:47:34'),
(599, 1, 2, 2, 65, 0, 157, '6.00', '2018-11-15 01:47:34'),
(600, 1, 2, 2, 65, 0, 158, '5.00', '2018-11-15 01:47:34'),
(601, 1, 2, 2, 65, 0, 159, '5.00', '2018-11-15 01:47:34'),
(602, 1, 2, 2, 65, 0, 160, '6.00', '2018-11-15 01:47:34'),
(603, 1, 2, 2, 65, 0, 161, '6.00', '2018-11-15 01:47:34'),
(604, 1, 2, 2, 65, 0, 162, '6.00', '2018-11-15 01:47:34'),
(605, 1, 2, 2, 65, 0, 163, '5.00', '2018-11-15 01:47:34'),
(606, 1, 2, 2, 65, 0, 164, '4.00', '2018-11-15 01:47:34'),
(607, 1, 2, 2, 65, 0, 165, '6.00', '2018-11-15 01:47:34'),
(608, 1, 2, 2, 65, 0, 166, '3.00', '2018-11-15 01:47:34'),
(609, 1, 2, 2, 65, 0, 167, '6.00', '2018-11-15 01:47:34'),
(610, 1, 2, 2, 65, 0, 168, '5.00', '2018-11-15 01:47:34'),
(611, 1, 2, 2, 65, 0, 169, '5.00', '2018-11-15 01:47:34'),
(612, 1, 2, 2, 65, 0, 170, '6.00', '2018-11-15 01:47:34'),
(613, 1, 2, 2, 65, 0, 171, '3.00', '2018-11-15 01:47:34'),
(614, 1, 2, 2, 65, 0, 172, '6.00', '2018-11-15 01:47:34'),
(615, 1, 2, 2, 65, 0, 173, '6.00', '2018-11-15 01:47:34'),
(616, 1, 2, 2, 65, 0, 174, '6.00', '2018-11-15 01:47:34'),
(617, 1, 2, 2, 65, 0, 175, '6.00', '2018-11-15 01:47:34'),
(618, 1, 2, 2, 65, 0, 176, '4.00', '2018-11-15 01:47:34'),
(619, 1, 2, 2, 65, 0, 177, '5.00', '2018-11-15 01:47:34'),
(620, 1, 2, 2, 65, 0, 178, '4.00', '2018-11-15 01:47:34'),
(621, 1, 2, 2, 65, 0, 179, '6.00', '2018-11-15 01:47:34'),
(622, 1, 2, 2, 65, 0, 180, '6.00', '2018-11-15 01:47:34'),
(623, 1, 2, 2, 65, 0, 181, '6.00', '2018-11-15 01:47:34'),
(624, 1, 2, 2, 65, 0, 182, '4.00', '2018-11-15 01:47:34'),
(625, 1, 2, 2, 65, 0, 183, '4.00', '2018-11-15 01:47:35'),
(626, 1, 2, 2, 65, 0, 184, '6.00', '2018-11-15 01:47:35'),
(627, 1, 2, 2, 65, 0, 185, '6.00', '2018-11-15 01:47:35'),
(628, 1, 2, 2, 65, 0, 186, '6.00', '2018-11-15 01:47:35'),
(629, 1, 1, 1, 66, 2, 1, '6.00', '2018-11-15 01:50:57'),
(630, 1, 1, 1, 66, 2, 2, '4.00', '2018-11-15 01:50:57'),
(631, 1, 1, 1, 66, 2, 3, '4.00', '2018-11-15 01:50:57'),
(632, 1, 1, 1, 66, 2, 4, '5.00', '2018-11-15 01:50:57'),
(633, 1, 1, 1, 66, 2, 5, '6.00', '2018-11-15 01:50:57'),
(634, 1, 1, 1, 66, 2, 6, '6.00', '2018-11-15 01:50:57'),
(635, 1, 1, 1, 66, 2, 7, '6.00', '2018-11-15 01:50:57'),
(636, 1, 1, 1, 66, 2, 8, '3.00', '2018-11-15 01:50:57'),
(637, 1, 1, 1, 66, 2, 9, '4.00', '2018-11-15 01:50:57'),
(638, 1, 1, 1, 66, 2, 10, '6.00', '2018-11-15 01:50:57'),
(639, 1, 1, 1, 66, 2, 11, '6.00', '2018-11-15 01:50:57'),
(640, 1, 1, 1, 66, 2, 12, '5.00', '2018-11-15 01:50:57'),
(641, 1, 1, 1, 66, 2, 13, '5.00', '2018-11-15 01:50:57'),
(642, 1, 1, 1, 66, 2, 14, '4.00', '2018-11-15 01:50:57'),
(643, 1, 1, 1, 66, 2, 15, '3.00', '2018-11-15 01:50:57'),
(644, 1, 1, 1, 66, 2, 16, '3.00', '2018-11-15 01:50:57'),
(645, 1, 1, 1, 66, 2, 17, '5.00', '2018-11-15 01:50:57'),
(646, 1, 1, 1, 66, 2, 18, '4.00', '2018-11-15 01:50:57'),
(647, 1, 1, 1, 66, 2, 19, '3.00', '2018-11-15 01:50:57'),
(648, 1, 1, 1, 66, 2, 20, '5.00', '2018-11-15 01:50:57'),
(649, 1, 1, 1, 66, 2, 21, '4.00', '2018-11-15 01:50:57'),
(650, 1, 1, 1, 66, 2, 22, '4.00', '2018-11-15 01:50:57'),
(651, 1, 1, 1, 66, 2, 23, '5.00', '2018-11-15 01:50:57'),
(652, 1, 1, 1, 66, 2, 24, '2.00', '2018-11-15 01:50:57'),
(653, 1, 1, 1, 66, 2, 25, '4.00', '2018-11-15 01:50:57'),
(654, 1, 1, 1, 66, 2, 26, '4.00', '2018-11-15 01:50:57'),
(655, 1, 1, 1, 66, 2, 27, '4.00', '2018-11-15 01:50:57'),
(656, 1, 1, 1, 66, 2, 28, '5.00', '2018-11-15 01:50:57'),
(657, 1, 1, 1, 66, 2, 29, '1.00', '2018-11-15 01:50:57'),
(658, 1, 1, 1, 66, 2, 30, '5.00', '2018-11-15 01:50:57'),
(659, 1, 1, 1, 66, 2, 31, '4.00', '2018-11-15 01:50:57'),
(660, 1, 1, 1, 66, 2, 32, '2.00', '2018-11-15 01:50:58'),
(661, 1, 1, 1, 66, 2, 33, '4.00', '2018-11-15 01:50:58'),
(662, 1, 1, 1, 66, 2, 34, '5.00', '2018-11-15 01:50:58'),
(663, 1, 1, 1, 66, 2, 35, '4.00', '2018-11-15 01:50:58'),
(664, 1, 1, 1, 66, 0, 1, '6.00', '2018-11-15 02:21:05'),
(665, 1, 1, 1, 66, 0, 2, '4.00', '2018-11-15 02:21:05'),
(666, 1, 1, 1, 66, 0, 3, '4.00', '2018-11-15 02:21:05'),
(667, 1, 1, 1, 66, 0, 4, '5.00', '2018-11-15 02:21:05'),
(668, 1, 1, 1, 66, 0, 5, '6.00', '2018-11-15 02:21:05'),
(669, 1, 1, 1, 66, 0, 6, '6.00', '2018-11-15 02:21:05'),
(670, 1, 1, 1, 66, 0, 7, '6.00', '2018-11-15 02:21:05'),
(671, 1, 1, 1, 66, 0, 8, '3.00', '2018-11-15 02:21:05'),
(672, 1, 1, 1, 66, 0, 9, '4.00', '2018-11-15 02:21:05'),
(673, 1, 1, 1, 66, 0, 10, '6.00', '2018-11-15 02:21:05'),
(674, 1, 1, 1, 66, 0, 11, '6.00', '2018-11-15 02:21:05'),
(675, 1, 1, 1, 66, 0, 12, '5.00', '2018-11-15 02:21:05'),
(676, 1, 1, 1, 66, 0, 13, '5.00', '2018-11-15 02:21:05'),
(677, 1, 1, 1, 66, 0, 14, '4.00', '2018-11-15 02:21:05'),
(678, 1, 1, 1, 66, 0, 15, '3.00', '2018-11-15 02:21:05'),
(679, 1, 1, 1, 66, 0, 16, '3.00', '2018-11-15 02:21:05'),
(680, 1, 1, 1, 66, 0, 17, '5.00', '2018-11-15 02:21:05'),
(681, 1, 1, 1, 66, 0, 18, '4.00', '2018-11-15 02:21:05'),
(682, 1, 1, 1, 66, 0, 19, '3.00', '2018-11-15 02:21:05'),
(683, 1, 1, 1, 66, 0, 20, '5.00', '2018-11-15 02:21:05'),
(684, 1, 1, 1, 66, 0, 21, '4.00', '2018-11-15 02:21:05'),
(685, 1, 1, 1, 66, 0, 22, '4.00', '2018-11-15 02:21:05'),
(686, 1, 1, 1, 66, 0, 23, '5.00', '2018-11-15 02:21:05'),
(687, 1, 1, 1, 66, 0, 24, '2.00', '2018-11-15 02:21:05'),
(688, 1, 1, 1, 66, 0, 25, '4.00', '2018-11-15 02:21:05'),
(689, 1, 1, 1, 66, 0, 26, '4.00', '2018-11-15 02:21:05'),
(690, 1, 1, 1, 66, 0, 27, '4.00', '2018-11-15 02:21:05'),
(691, 1, 1, 1, 66, 0, 28, '5.00', '2018-11-15 02:21:05'),
(692, 1, 1, 1, 66, 0, 29, '1.00', '2018-11-15 02:21:06'),
(693, 1, 1, 1, 66, 0, 30, '5.00', '2018-11-15 02:21:06'),
(694, 1, 1, 1, 66, 0, 31, '4.00', '2018-11-15 02:21:06'),
(695, 1, 1, 1, 66, 0, 32, '2.00', '2018-11-15 02:21:06'),
(696, 1, 1, 1, 66, 0, 33, '4.00', '2018-11-15 02:21:06'),
(697, 1, 1, 1, 66, 0, 34, '5.00', '2018-11-15 02:21:06'),
(698, 1, 1, 1, 66, 0, 35, '4.00', '2018-11-15 02:21:06'),
(699, 1, 1, 1, 67, 0, 1, '6.00', '2018-11-15 02:21:06'),
(700, 1, 1, 1, 67, 0, 2, '4.00', '2018-11-15 02:21:06'),
(701, 1, 1, 1, 67, 0, 3, '4.00', '2018-11-15 02:21:06'),
(702, 1, 1, 1, 67, 0, 4, '5.00', '2018-11-15 02:21:06'),
(703, 1, 1, 1, 67, 0, 5, '6.00', '2018-11-15 02:21:06'),
(704, 1, 1, 1, 67, 0, 6, '6.00', '2018-11-15 02:21:06'),
(705, 1, 1, 1, 67, 0, 7, '6.00', '2018-11-15 02:21:06'),
(706, 1, 1, 1, 67, 0, 8, '3.00', '2018-11-15 02:21:06'),
(707, 1, 1, 1, 67, 0, 9, '4.00', '2018-11-15 02:21:06'),
(708, 1, 1, 1, 67, 0, 10, '6.00', '2018-11-15 02:21:06'),
(709, 1, 1, 1, 67, 0, 11, '6.00', '2018-11-15 02:21:06'),
(710, 1, 1, 1, 67, 0, 12, '5.00', '2018-11-15 02:21:06'),
(711, 1, 1, 1, 67, 0, 13, '5.00', '2018-11-15 02:21:06'),
(712, 1, 1, 1, 67, 0, 14, '4.00', '2018-11-15 02:21:06'),
(713, 1, 1, 1, 67, 0, 15, '3.00', '2018-11-15 02:21:06'),
(714, 1, 1, 1, 67, 0, 16, '3.00', '2018-11-15 02:21:06'),
(715, 1, 1, 1, 67, 0, 17, '5.00', '2018-11-15 02:21:06'),
(716, 1, 1, 1, 67, 0, 18, '4.00', '2018-11-15 02:21:06'),
(717, 1, 1, 1, 67, 0, 19, '3.00', '2018-11-15 02:21:06'),
(718, 1, 1, 1, 67, 0, 20, '5.00', '2018-11-15 02:21:06'),
(719, 1, 1, 1, 67, 0, 21, '4.00', '2018-11-15 02:21:06'),
(720, 1, 1, 1, 67, 0, 22, '4.00', '2018-11-15 02:21:06'),
(721, 1, 1, 1, 67, 0, 23, '5.00', '2018-11-15 02:21:06'),
(722, 1, 1, 1, 67, 0, 24, '2.00', '2018-11-15 02:21:06'),
(723, 1, 1, 1, 67, 0, 25, '4.00', '2018-11-15 02:21:06'),
(724, 1, 1, 1, 67, 0, 26, '4.00', '2018-11-15 02:21:06'),
(725, 1, 1, 1, 67, 0, 27, '4.00', '2018-11-15 02:21:06'),
(726, 1, 1, 1, 67, 0, 28, '5.00', '2018-11-15 02:21:06'),
(727, 1, 1, 1, 67, 0, 29, '1.00', '2018-11-15 02:21:06'),
(728, 1, 1, 1, 67, 0, 30, '5.00', '2018-11-15 02:21:06'),
(729, 1, 1, 1, 67, 0, 31, '4.00', '2018-11-15 02:21:07'),
(730, 1, 1, 1, 67, 0, 32, '2.00', '2018-11-15 02:21:07'),
(731, 1, 1, 1, 67, 0, 33, '4.00', '2018-11-15 02:21:07'),
(732, 1, 1, 1, 67, 0, 34, '5.00', '2018-11-15 02:21:07'),
(733, 1, 1, 1, 67, 0, 35, '4.00', '2018-11-15 02:21:07'),
(734, 1, 3, 3, 68, 1, 36, '4.00', '2018-11-15 02:27:17'),
(735, 1, 3, 3, 68, 1, 37, '4.00', '2018-11-15 02:27:17'),
(736, 1, 3, 3, 68, 1, 38, '4.00', '2018-11-15 02:27:17'),
(737, 1, 3, 3, 68, 1, 39, '3.00', '2018-11-15 02:27:17'),
(738, 1, 3, 3, 68, 1, 40, '2.00', '2018-11-15 02:27:17'),
(739, 1, 3, 3, 68, 1, 41, '2.00', '2018-11-15 02:27:17'),
(740, 1, 3, 3, 68, 1, 42, '3.00', '2018-11-15 02:27:17'),
(741, 1, 3, 3, 68, 1, 43, '4.00', '2018-11-15 02:27:17'),
(742, 1, 3, 3, 68, 1, 44, '2.00', '2018-11-15 02:27:17'),
(743, 1, 3, 3, 68, 1, 45, '4.00', '2018-11-15 02:27:17'),
(744, 1, 3, 3, 68, 1, 46, '4.00', '2018-11-15 02:27:17'),
(745, 1, 3, 3, 68, 1, 47, '4.00', '2018-11-15 02:27:17'),
(746, 1, 3, 3, 68, 1, 48, '3.00', '2018-11-15 02:27:17'),
(747, 1, 3, 3, 68, 1, 49, '4.00', '2018-11-15 02:27:17'),
(748, 1, 3, 3, 68, 1, 50, '4.00', '2018-11-15 02:27:17'),
(749, 1, 3, 3, 68, 1, 51, '3.00', '2018-11-15 02:27:18'),
(750, 1, 3, 3, 68, 1, 52, '3.00', '2018-11-15 02:27:18'),
(751, 1, 3, 3, 68, 1, 53, '4.00', '2018-11-15 02:27:18'),
(752, 1, 3, 3, 68, 1, 54, '4.00', '2018-11-15 02:27:18'),
(753, 1, 3, 3, 68, 1, 55, '3.00', '2018-11-15 02:27:18'),
(754, 1, 3, 3, 68, 1, 56, '2.00', '2018-11-15 02:27:18'),
(755, 1, 3, 3, 68, 1, 57, '2.00', '2018-11-15 02:27:18'),
(756, 1, 3, 3, 68, 1, 58, '4.00', '2018-11-15 02:27:18'),
(757, 1, 3, 3, 68, 1, 59, '4.00', '2018-11-15 02:27:18'),
(758, 1, 3, 3, 68, 1, 60, '3.00', '2018-11-15 02:27:18'),
(759, 1, 3, 3, 68, 1, 61, '4.00', '2018-11-15 02:27:18'),
(760, 1, 3, 3, 68, 1, 62, '4.00', '2018-11-15 02:27:18'),
(761, 1, 3, 3, 68, 1, 63, '1.00', '2018-11-15 02:27:18'),
(762, 1, 3, 3, 68, 1, 64, '2.00', '2018-11-15 02:27:18'),
(763, 1, 3, 3, 68, 1, 65, '3.00', '2018-11-15 02:27:18'),
(764, 1, 3, 3, 68, 1, 66, '4.00', '2018-11-15 02:27:18'),
(765, 1, 3, 3, 68, 1, 67, '4.00', '2018-11-15 02:27:18'),
(766, 1, 3, 3, 68, 1, 68, '2.00', '2018-11-15 02:27:18'),
(767, 1, 3, 3, 68, 1, 69, '2.00', '2018-11-15 02:27:18'),
(768, 1, 3, 3, 68, 1, 70, '0.00', '2018-11-15 02:27:18'),
(769, 1, 3, 3, 68, 1, 71, '2.00', '2018-11-15 02:27:18'),
(770, 1, 3, 3, 68, 1, 72, '4.00', '2018-11-15 02:27:18'),
(771, 1, 4, 4, 69, 1, 73, '2.00', '2018-11-15 02:29:55'),
(772, 1, 4, 4, 69, 1, 74, '3.00', '2018-11-15 02:29:55'),
(773, 1, 4, 4, 69, 1, 75, '2.00', '2018-11-15 02:29:55'),
(774, 1, 4, 4, 69, 1, 76, '3.00', '2018-11-15 02:29:55'),
(775, 1, 4, 4, 69, 1, 77, '3.00', '2018-11-15 02:29:55'),
(776, 1, 4, 4, 69, 1, 78, '3.00', '2018-11-15 02:29:55'),
(777, 1, 4, 4, 69, 1, 79, '3.00', '2018-11-15 02:29:55'),
(778, 1, 4, 4, 69, 1, 80, '3.00', '2018-11-15 02:29:55'),
(779, 1, 4, 4, 69, 1, 81, '3.00', '2018-11-15 02:29:55'),
(780, 1, 4, 4, 69, 1, 82, '3.00', '2018-11-15 02:29:55'),
(781, 1, 4, 4, 69, 1, 83, '1.00', '2018-11-15 02:29:55'),
(782, 1, 4, 4, 69, 1, 84, '3.00', '2018-11-15 02:29:55'),
(783, 1, 4, 4, 69, 1, 85, '3.00', '2018-11-15 02:29:55'),
(784, 1, 4, 4, 69, 1, 86, '3.00', '2018-11-15 02:29:55'),
(785, 1, 4, 4, 69, 1, 87, '2.00', '2018-11-15 02:29:55'),
(786, 1, 4, 4, 69, 1, 88, '3.00', '2018-11-15 02:29:55'),
(787, 1, 4, 4, 69, 1, 89, '3.00', '2018-11-15 02:29:55'),
(788, 1, 4, 4, 69, 1, 90, '3.00', '2018-11-15 02:29:55'),
(789, 1, 4, 4, 69, 1, 91, '3.00', '2018-11-15 02:29:55'),
(790, 1, 4, 4, 69, 1, 92, '3.00', '2018-11-15 02:29:55'),
(791, 1, 4, 4, 69, 1, 93, '3.00', '2018-11-15 02:29:55'),
(792, 1, 4, 4, 69, 1, 94, '0.00', '2018-11-15 02:29:55'),
(793, 1, 4, 4, 69, 1, 95, '2.00', '2018-11-15 02:29:55'),
(794, 1, 4, 4, 69, 1, 96, '3.00', '2018-11-15 02:29:55'),
(795, 1, 4, 4, 69, 1, 97, '2.00', '2018-11-15 02:29:55'),
(796, 1, 4, 4, 69, 1, 98, '3.00', '2018-11-15 02:29:55'),
(797, 1, 4, 4, 69, 1, 99, '3.00', '2018-11-15 02:29:55'),
(798, 1, 4, 4, 69, 1, 100, '3.00', '2018-11-15 02:29:55'),
(799, 1, 4, 4, 69, 1, 101, '3.00', '2018-11-15 02:29:55'),
(800, 1, 4, 4, 69, 1, 102, '3.00', '2018-11-15 02:29:55'),
(801, 1, 4, 4, 69, 1, 103, '3.00', '2018-11-15 02:29:55'),
(802, 1, 4, 4, 69, 1, 104, '3.00', '2018-11-15 02:29:55'),
(803, 1, 4, 4, 69, 1, 105, '3.00', '2018-11-15 02:29:55'),
(804, 1, 4, 4, 69, 1, 106, '3.00', '2018-11-15 02:29:55'),
(805, 1, 4, 4, 69, 1, 107, '2.00', '2018-11-15 02:29:55'),
(806, 1, 4, 4, 69, 1, 108, '0.00', '2018-11-15 02:29:55'),
(807, 1, 4, 4, 69, 1, 109, '3.00', '2018-11-15 02:29:55'),
(808, 1, 4, 4, 69, 1, 110, '3.00', '2018-11-15 02:29:56'),
(809, 1, 4, 4, 69, 1, 111, '3.00', '2018-11-15 02:29:56'),
(810, 1, 3, 3, 70, 3, 36, '4.00', '2018-11-15 02:30:34'),
(811, 1, 3, 3, 70, 3, 37, '4.00', '2018-11-15 02:30:34'),
(812, 1, 3, 3, 70, 3, 38, '4.00', '2018-11-15 02:30:34'),
(813, 1, 3, 3, 70, 3, 39, '3.00', '2018-11-15 02:30:34'),
(814, 1, 3, 3, 70, 3, 40, '2.00', '2018-11-15 02:30:34'),
(815, 1, 3, 3, 70, 3, 41, '2.00', '2018-11-15 02:30:34'),
(816, 1, 3, 3, 70, 3, 42, '3.00', '2018-11-15 02:30:34'),
(817, 1, 3, 3, 70, 3, 43, '4.00', '2018-11-15 02:30:35'),
(818, 1, 3, 3, 70, 3, 44, '2.00', '2018-11-15 02:30:35'),
(819, 1, 3, 3, 70, 3, 45, '4.00', '2018-11-15 02:30:35'),
(820, 1, 3, 3, 70, 3, 46, '4.00', '2018-11-15 02:30:35'),
(821, 1, 3, 3, 70, 3, 47, '4.00', '2018-11-15 02:30:35'),
(822, 1, 3, 3, 70, 3, 48, '3.00', '2018-11-15 02:30:35'),
(823, 1, 3, 3, 70, 3, 49, '4.00', '2018-11-15 02:30:35'),
(824, 1, 3, 3, 70, 3, 50, '4.00', '2018-11-15 02:30:35'),
(825, 1, 3, 3, 70, 3, 51, '3.00', '2018-11-15 02:30:35'),
(826, 1, 3, 3, 70, 3, 52, '3.00', '2018-11-15 02:30:35'),
(827, 1, 3, 3, 70, 3, 53, '4.00', '2018-11-15 02:30:35'),
(828, 1, 3, 3, 70, 3, 54, '4.00', '2018-11-15 02:30:35'),
(829, 1, 3, 3, 70, 3, 55, '3.00', '2018-11-15 02:30:35'),
(830, 1, 3, 3, 70, 3, 56, '2.00', '2018-11-15 02:30:35'),
(831, 1, 3, 3, 70, 3, 57, '2.00', '2018-11-15 02:30:35'),
(832, 1, 3, 3, 70, 3, 58, '4.00', '2018-11-15 02:30:35'),
(833, 1, 3, 3, 70, 3, 59, '4.00', '2018-11-15 02:30:35'),
(834, 1, 3, 3, 70, 3, 60, '3.00', '2018-11-15 02:30:35'),
(835, 1, 3, 3, 70, 3, 61, '4.00', '2018-11-15 02:30:35'),
(836, 1, 3, 3, 70, 3, 62, '4.00', '2018-11-15 02:30:35'),
(837, 1, 3, 3, 70, 3, 63, '1.00', '2018-11-15 02:30:35'),
(838, 1, 3, 3, 70, 3, 64, '2.00', '2018-11-15 02:30:35'),
(839, 1, 3, 3, 70, 3, 65, '3.00', '2018-11-15 02:30:35'),
(840, 1, 3, 3, 70, 3, 66, '4.00', '2018-11-15 02:30:35'),
(841, 1, 3, 3, 70, 3, 67, '4.00', '2018-11-15 02:30:35'),
(842, 1, 3, 3, 70, 3, 68, '2.00', '2018-11-15 02:30:35'),
(843, 1, 3, 3, 70, 3, 69, '2.00', '2018-11-15 02:30:35'),
(844, 1, 3, 3, 70, 3, 70, '0.00', '2018-11-15 02:30:35'),
(845, 1, 3, 3, 70, 3, 71, '2.00', '2018-11-15 02:30:35'),
(846, 1, 3, 3, 70, 3, 72, '4.00', '2018-11-15 02:30:35'),
(847, 1, 4, 5, 71, 3, 112, '1.00', '2018-11-15 02:30:57'),
(848, 1, 4, 5, 71, 3, 113, '3.00', '2018-11-15 02:30:57'),
(849, 1, 4, 5, 71, 3, 114, '3.00', '2018-11-15 02:30:57'),
(850, 1, 4, 5, 71, 3, 115, '3.00', '2018-11-15 02:30:57'),
(851, 1, 4, 5, 71, 3, 116, '3.00', '2018-11-15 02:30:57'),
(852, 1, 4, 5, 71, 3, 117, '3.00', '2018-11-15 02:30:57'),
(853, 1, 4, 5, 71, 3, 118, '3.00', '2018-11-15 02:30:57'),
(854, 1, 4, 5, 71, 3, 119, '2.00', '2018-11-15 02:30:57'),
(855, 1, 4, 5, 71, 3, 120, '0.00', '2018-11-15 02:30:57'),
(856, 1, 4, 5, 71, 3, 121, '0.00', '2018-11-15 02:30:57'),
(857, 1, 4, 5, 71, 3, 122, '0.00', '2018-11-15 02:30:57'),
(858, 1, 4, 5, 71, 3, 123, '3.00', '2018-11-15 02:30:57'),
(859, 1, 4, 5, 71, 3, 124, '1.00', '2018-11-15 02:30:57'),
(860, 1, 4, 5, 71, 3, 125, '3.00', '2018-11-15 02:30:57'),
(861, 1, 4, 5, 71, 3, 126, '3.00', '2018-11-15 02:30:57'),
(862, 1, 4, 5, 71, 3, 127, '2.00', '2018-11-15 02:30:57'),
(863, 1, 4, 5, 71, 3, 128, '2.00', '2018-11-15 02:30:57'),
(864, 1, 4, 5, 71, 3, 129, '0.00', '2018-11-15 02:30:57'),
(865, 1, 4, 5, 71, 3, 130, '3.00', '2018-11-15 02:30:57'),
(866, 1, 4, 5, 71, 3, 131, '3.00', '2018-11-15 02:30:57'),
(867, 1, 4, 5, 71, 3, 132, '3.00', '2018-11-15 02:30:57'),
(868, 1, 4, 5, 71, 3, 133, '3.00', '2018-11-15 02:30:57'),
(869, 1, 4, 5, 71, 3, 134, '0.00', '2018-11-15 02:30:57'),
(870, 1, 4, 5, 71, 3, 135, '3.00', '2018-11-15 02:30:57'),
(871, 1, 4, 5, 71, 3, 136, '3.00', '2018-11-15 02:30:58'),
(872, 1, 4, 5, 71, 3, 137, '3.00', '2018-11-15 02:30:58'),
(873, 1, 4, 5, 71, 3, 138, '3.00', '2018-11-15 02:30:58'),
(874, 1, 4, 5, 71, 3, 139, '3.00', '2018-11-15 02:30:58'),
(875, 1, 4, 5, 71, 3, 140, '2.00', '2018-11-15 02:30:58'),
(876, 1, 4, 5, 71, 3, 141, '3.00', '2018-11-15 02:30:58'),
(877, 1, 4, 5, 71, 3, 142, '3.00', '2018-11-15 02:30:58'),
(878, 1, 4, 5, 71, 3, 143, '3.00', '2018-11-15 02:30:58'),
(879, 1, 4, 5, 71, 3, 144, '2.00', '2018-11-15 02:30:58'),
(880, 1, 4, 5, 71, 3, 145, '3.00', '2018-11-15 02:30:58'),
(881, 1, 4, 5, 71, 3, 146, '3.00', '2018-11-15 02:30:58'),
(882, 1, 4, 5, 71, 3, 147, '3.00', '2018-11-15 02:30:58'),
(883, 1, 4, 5, 71, 3, 148, '3.00', '2018-11-15 02:30:58'),
(884, 1, 4, 5, 71, 3, 149, '3.00', '2018-11-15 02:30:58'),
(885, 1, 4, 5, 71, 3, 150, '3.00', '2018-11-15 02:30:58'),
(886, 1, 4, 5, 71, 3, 151, '3.00', '2018-11-15 02:30:58'),
(887, 1, 2, 2, 72, 0, 152, '3.00', '2018-11-15 10:08:53'),
(888, 1, 2, 2, 72, 0, 153, '5.00', '2018-11-15 10:08:53'),
(889, 1, 2, 2, 72, 0, 154, '5.00', '2018-11-15 10:08:53'),
(890, 1, 2, 2, 72, 0, 155, '6.00', '2018-11-15 10:08:53'),
(891, 1, 2, 2, 72, 0, 156, '6.00', '2018-11-15 10:08:53'),
(892, 1, 2, 2, 72, 0, 157, '6.00', '2018-11-15 10:08:54'),
(893, 1, 2, 2, 72, 0, 158, '5.00', '2018-11-15 10:08:54'),
(894, 1, 2, 2, 72, 0, 159, '5.00', '2018-11-15 10:08:54'),
(895, 1, 2, 2, 72, 0, 160, '6.00', '2018-11-15 10:08:54'),
(896, 1, 2, 2, 72, 0, 161, '6.00', '2018-11-15 10:08:54'),
(897, 1, 2, 2, 72, 0, 162, '6.00', '2018-11-15 10:08:54'),
(898, 1, 2, 2, 72, 0, 163, '5.00', '2018-11-15 10:08:54'),
(899, 1, 2, 2, 72, 0, 164, '4.00', '2018-11-15 10:08:54'),
(900, 1, 2, 2, 72, 0, 165, '6.00', '2018-11-15 10:08:54'),
(901, 1, 2, 2, 72, 0, 166, '3.00', '2018-11-15 10:08:54'),
(902, 1, 2, 2, 72, 0, 167, '6.00', '2018-11-15 10:08:54'),
(903, 1, 2, 2, 72, 0, 168, '5.00', '2018-11-15 10:08:54'),
(904, 1, 2, 2, 72, 0, 169, '5.00', '2018-11-15 10:08:54'),
(905, 1, 2, 2, 72, 0, 170, '6.00', '2018-11-15 10:08:54'),
(906, 1, 2, 2, 72, 0, 171, '3.00', '2018-11-15 10:08:54'),
(907, 1, 2, 2, 72, 0, 172, '6.00', '2018-11-15 10:08:54'),
(908, 1, 2, 2, 72, 0, 173, '6.00', '2018-11-15 10:08:54'),
(909, 1, 2, 2, 72, 0, 174, '6.00', '2018-11-15 10:08:54'),
(910, 1, 2, 2, 72, 0, 175, '6.00', '2018-11-15 10:08:54'),
(911, 1, 2, 2, 72, 0, 176, '4.00', '2018-11-15 10:08:54'),
(912, 1, 2, 2, 72, 0, 177, '5.00', '2018-11-15 10:08:54'),
(913, 1, 2, 2, 72, 0, 178, '4.00', '2018-11-15 10:08:54'),
(914, 1, 2, 2, 72, 0, 179, '6.00', '2018-11-15 10:08:54'),
(915, 1, 2, 2, 72, 0, 180, '6.00', '2018-11-15 10:08:54'),
(916, 1, 2, 2, 72, 0, 181, '6.00', '2018-11-15 10:08:54'),
(917, 1, 2, 2, 72, 0, 182, '4.00', '2018-11-15 10:08:54');
INSERT INTO `grades` (`id`, `prof_id`, `subject_id`, `section_id`, `grading_id`, `grade_id`, `student_id`, `points`, `date`) VALUES
(918, 1, 2, 2, 72, 0, 183, '4.00', '2018-11-15 10:08:54'),
(919, 1, 2, 2, 72, 0, 184, '6.00', '2018-11-15 10:08:54'),
(920, 1, 2, 2, 72, 0, 185, '6.00', '2018-11-15 10:08:54'),
(921, 1, 2, 2, 72, 0, 186, '6.00', '2018-11-15 10:08:54'),
(922, 1, 2, 2, 73, 0, 152, '3.00', '2018-11-15 10:09:35'),
(923, 1, 2, 2, 73, 0, 153, '5.00', '2018-11-15 10:09:35'),
(924, 1, 2, 2, 73, 0, 154, '5.00', '2018-11-15 10:09:35'),
(925, 1, 2, 2, 73, 0, 155, '6.00', '2018-11-15 10:09:35'),
(926, 1, 2, 2, 73, 0, 156, '6.00', '2018-11-15 10:09:36'),
(927, 1, 2, 2, 73, 0, 157, '6.00', '2018-11-15 10:09:36'),
(928, 1, 2, 2, 73, 0, 158, '5.00', '2018-11-15 10:09:36'),
(929, 1, 2, 2, 73, 0, 159, '5.00', '2018-11-15 10:09:36'),
(930, 1, 2, 2, 73, 0, 160, '6.00', '2018-11-15 10:09:36'),
(931, 1, 2, 2, 73, 0, 161, '6.00', '2018-11-15 10:09:36'),
(932, 1, 2, 2, 73, 0, 162, '6.00', '2018-11-15 10:09:36'),
(933, 1, 2, 2, 73, 0, 163, '5.00', '2018-11-15 10:09:36'),
(934, 1, 2, 2, 73, 0, 164, '4.00', '2018-11-15 10:09:36'),
(935, 1, 2, 2, 73, 0, 165, '6.00', '2018-11-15 10:09:36'),
(936, 1, 2, 2, 73, 0, 166, '3.00', '2018-11-15 10:09:36'),
(937, 1, 2, 2, 73, 0, 167, '6.00', '2018-11-15 10:09:36'),
(938, 1, 2, 2, 73, 0, 168, '5.00', '2018-11-15 10:09:36'),
(939, 1, 2, 2, 73, 0, 169, '5.00', '2018-11-15 10:09:36'),
(940, 1, 2, 2, 73, 0, 170, '6.00', '2018-11-15 10:09:36'),
(941, 1, 2, 2, 73, 0, 171, '3.00', '2018-11-15 10:09:36'),
(942, 1, 2, 2, 73, 0, 172, '6.00', '2018-11-15 10:09:36'),
(943, 1, 2, 2, 73, 0, 173, '6.00', '2018-11-15 10:09:36'),
(944, 1, 2, 2, 73, 0, 174, '6.00', '2018-11-15 10:09:36'),
(945, 1, 2, 2, 73, 0, 175, '6.00', '2018-11-15 10:09:36'),
(946, 1, 2, 2, 73, 0, 176, '4.00', '2018-11-15 10:09:36'),
(947, 1, 2, 2, 73, 0, 177, '5.00', '2018-11-15 10:09:36'),
(948, 1, 2, 2, 73, 0, 178, '4.00', '2018-11-15 10:09:36'),
(949, 1, 2, 2, 73, 0, 179, '6.00', '2018-11-15 10:09:36'),
(950, 1, 2, 2, 73, 0, 180, '6.00', '2018-11-15 10:09:36'),
(951, 1, 2, 2, 73, 0, 181, '6.00', '2018-11-15 10:09:36'),
(952, 1, 2, 2, 73, 0, 182, '4.00', '2018-11-15 10:09:36'),
(953, 1, 2, 2, 73, 0, 183, '4.00', '2018-11-15 10:09:36'),
(954, 1, 2, 2, 73, 0, 184, '6.00', '2018-11-15 10:09:36'),
(955, 1, 2, 2, 73, 0, 185, '6.00', '2018-11-15 10:09:36'),
(956, 1, 2, 2, 73, 0, 186, '6.00', '2018-11-15 10:09:36'),
(957, 10, 14, 15, 74, 0, 193, '100.00', '2018-11-15 16:36:43'),
(958, 10, 14, 15, 74, 0, 194, '100.00', '2018-11-15 16:36:44'),
(959, 10, 14, 15, 74, 0, 195, '100.00', '2018-11-15 16:36:44'),
(960, 10, 14, 15, 74, 0, 196, '100.00', '2018-11-15 16:36:44'),
(961, 10, 14, 15, 74, 0, 197, '100.00', '2018-11-15 16:36:44'),
(962, 1, 1, 1, 75, 0, 1, '6.00', '2018-11-16 06:10:32'),
(963, 1, 1, 1, 75, 0, 2, '4.00', '2018-11-16 06:10:32'),
(964, 1, 1, 1, 75, 0, 3, '4.00', '2018-11-16 06:10:32'),
(965, 1, 1, 1, 75, 0, 4, '5.00', '2018-11-16 06:10:32'),
(966, 1, 1, 1, 75, 0, 5, '6.00', '2018-11-16 06:10:32'),
(967, 1, 1, 1, 75, 0, 6, '6.00', '2018-11-16 06:10:32'),
(968, 1, 1, 1, 75, 0, 7, '6.00', '2018-11-16 06:10:32'),
(969, 1, 1, 1, 75, 0, 8, '3.00', '2018-11-16 06:10:32'),
(970, 1, 1, 1, 75, 0, 9, '4.00', '2018-11-16 06:10:32'),
(971, 1, 1, 1, 75, 0, 10, '6.00', '2018-11-16 06:10:32'),
(972, 1, 1, 1, 75, 0, 11, '6.00', '2018-11-16 06:10:32'),
(973, 1, 1, 1, 75, 0, 12, '5.00', '2018-11-16 06:10:32'),
(974, 1, 1, 1, 75, 0, 13, '5.00', '2018-11-16 06:10:32'),
(975, 1, 1, 1, 75, 0, 14, '4.00', '2018-11-16 06:10:32'),
(976, 1, 1, 1, 75, 0, 15, '3.00', '2018-11-16 06:10:32'),
(977, 1, 1, 1, 75, 0, 16, '3.00', '2018-11-16 06:10:32'),
(978, 1, 1, 1, 75, 0, 17, '5.00', '2018-11-16 06:10:32'),
(979, 1, 1, 1, 75, 0, 18, '4.00', '2018-11-16 06:10:32'),
(980, 1, 1, 1, 75, 0, 19, '3.00', '2018-11-16 06:10:33'),
(981, 1, 1, 1, 75, 0, 20, '5.00', '2018-11-16 06:10:33'),
(982, 1, 1, 1, 75, 0, 21, '4.00', '2018-11-16 06:10:33'),
(983, 1, 1, 1, 75, 0, 22, '4.00', '2018-11-16 06:10:33'),
(984, 1, 1, 1, 75, 0, 23, '5.00', '2018-11-16 06:10:33'),
(985, 1, 1, 1, 75, 0, 24, '2.00', '2018-11-16 06:10:33'),
(986, 1, 1, 1, 75, 0, 25, '4.00', '2018-11-16 06:10:33'),
(987, 1, 1, 1, 75, 0, 26, '4.00', '2018-11-16 06:10:33'),
(988, 1, 1, 1, 75, 0, 27, '4.00', '2018-11-16 06:10:33'),
(989, 1, 1, 1, 75, 0, 28, '5.00', '2018-11-16 06:10:33'),
(990, 1, 1, 1, 75, 0, 29, '1.00', '2018-11-16 06:10:33'),
(991, 1, 1, 1, 75, 0, 30, '5.00', '2018-11-16 06:10:33'),
(992, 1, 1, 1, 75, 0, 31, '4.00', '2018-11-16 06:10:33'),
(993, 1, 1, 1, 75, 0, 32, '2.00', '2018-11-16 06:10:33'),
(994, 1, 1, 1, 75, 0, 33, '4.00', '2018-11-16 06:10:33'),
(995, 1, 1, 1, 75, 0, 34, '5.00', '2018-11-16 06:10:33'),
(996, 1, 1, 1, 75, 0, 35, '4.00', '2018-11-16 06:10:33');

-- --------------------------------------------------------

--
-- Table structure for table `grading`
--

CREATE TABLE `grading` (
  `id` int(11) NOT NULL,
  `prof_id` int(11) NOT NULL,
  `subject_id` int(11) NOT NULL,
  `base_grade` varchar(50) NOT NULL,
  `percentage` decimal(10,2) NOT NULL
) ENGINE=InnoDB DEFAULT CHARSET=latin1;

--
-- Dumping data for table `grading`
--

INSERT INTO `grading` (`id`, `prof_id`, `subject_id`, `base_grade`, `percentage`) VALUES
(1, 1, 1, 'Quizzes', '0.30'),
(4, 1, 1, 'Case Studies', '0.30'),
(5, 1, 1, 'Assignment', '0.10'),
(6, 1, 2, 'Quizzes', '0.30'),
(7, 1, 2, 'Project/Laboratory', '0.20'),
(8, 1, 2, 'Seatworks/Assignment', '0.20'),
(9, 1, 2, 'Midterm', '0.20'),
(10, 1, 3, 'Quizzes', '0.20'),
(11, 1, 3, 'Case Studies', '0.20'),
(12, 1, 3, 'Seatworks', '0.10'),
(13, 1, 3, 'Laboratory', '0.10'),
(14, 1, 3, 'Class Recitation', '0.05'),
(15, 1, 3, 'Assignment', '0.05'),
(16, 1, 4, 'Quizzes', '0.20'),
(17, 1, 4, 'Recitation', '0.10'),
(18, 1, 4, 'Case Studies', '0.20'),
(19, 1, 4, 'Seatworks', '0.10'),
(20, 1, 4, 'Assignment', '0.10'),
(21, 2, 5, 'Assignment', '0.20'),
(26, 1, 1, 'Final Examination', '0.40'),
(27, 1, 4, 'Major Examination', '0.30'),
(28, 1, 3, 'Major Examination', '0.30'),
(29, 6, 9, 'Recitation', '0.20'),
(30, 6, 9, 'Assignment', '0.20'),
(31, 6, 9, 'Project', '0.20'),
(32, 7, 10, 'Ass', '0.20'),
(33, 7, 10, 'Recitation', '0.20'),
(34, 8, 11, 'Assignment', '0.10'),
(38, 10, 14, 'Quizzes', '0.30'),
(39, 10, 14, 'Project', '0.20'),
(40, 10, 14, 'Seatworks/Assignments/Laboratory Activities', '0.20'),
(41, 10, 14, 'Mid-term Examination', '0.30');

-- --------------------------------------------------------

--
-- Table structure for table `professors`
--

CREATE TABLE `professors` (
  `id` int(11) NOT NULL,
  `userid` int(11) NOT NULL,
  `firstname` varchar(25) NOT NULL,
  `middlename` varchar(25) NOT NULL,
  `lastname` varchar(25) NOT NULL,
  `employment_status` varchar(25) NOT NULL,
  `teaching_at` varchar(255) NOT NULL,
  `profile_link` varchar(255) NOT NULL
) ENGINE=InnoDB DEFAULT CHARSET=latin1;

--
-- Dumping data for table `professors`
--

INSERT INTO `professors` (`id`, `userid`, `firstname`, `middlename`, `lastname`, `employment_status`, `teaching_at`, `profile_link`) VALUES
(1, 1, 'Harley', 'Ferrer', 'Lumagui', 'Part Time', 'Polytechnic University of the Philippines - Bansud', 'lumagui.harley.1'),
(7, 10, 'Hayleen', 'Fernando', 'Dulag', 'Part Time', 'Polytechnic University of the Philippines', 'dulag.hayleen.10');

-- --------------------------------------------------------

--
-- Table structure for table `reg_students`
--

CREATE TABLE `reg_students` (
  `id` int(11) NOT NULL,
  `userid` int(11) NOT NULL,
  `firstname` varchar(50) NOT NULL,
  `middlename` varchar(50) NOT NULL,
  `lastname` varchar(50) NOT NULL,
  `mobile` varchar(50) NOT NULL,
  `address` varchar(255) NOT NULL
) ENGINE=InnoDB DEFAULT CHARSET=latin1;

--
-- Dumping data for table `reg_students`
--

INSERT INTO `reg_students` (`id`, `userid`, `firstname`, `middlename`, `lastname`, `mobile`, `address`) VALUES
(5, 11, 'Shena Mae', 'Relox', 'Atienza', '09197704670', 'Labasan, Bongabong, Oriental Mindoro'),
(6, 12, 'Job', 'Abestilla', 'Ferrera', '09197704670', 'Labasan, Bongabong, Oriental Mindoro');

-- --------------------------------------------------------

--
-- Table structure for table `sections`
--

CREATE TABLE `sections` (
  `id` int(11) NOT NULL,
  `prof_id` int(11) NOT NULL,
  `semester_id` int(11) NOT NULL,
  `subject_code` varchar(25) NOT NULL,
  `section_name` varchar(50) NOT NULL
) ENGINE=InnoDB DEFAULT CHARSET=latin1;

--
-- Dumping data for table `sections`
--

INSERT INTO `sections` (`id`, `prof_id`, `semester_id`, `subject_code`, `section_name`) VALUES
(1, 1, 1, 'COMP 113', 'Section 1'),
(2, 1, 1, 'COMP 4023', 'Section 1'),
(3, 1, 1, 'INTE 2053', 'Section 1'),
(4, 1, 1, 'GEED 20023', 'Section 1'),
(5, 1, 1, 'GEED 20023', 'Section 2'),
(6, 2, 2, 'INTE 414', 'Section 1'),
(9, 4, 4, 'INTFE 413', 'Section 1'),
(10, 6, 5, 'COOFT 232', 'Section 1'),
(11, 7, 6, 'adadasd', 'Section 1'),
(12, 8, 7, 'COMP 3013', 'Section 1'),
(13, 8, 7, 'COMP 3033', 'Section 1'),
(15, 10, 8, 'INTE 3023', 'Section 1'),
(16, 1, 3, 'COMP 3013', 'Section 1'),
(17, 1, 3, 'INTE 3023', 'Section 1'),
(18, 1, 3, 'COMP 3033', 'Section 1'),
(19, 1, 3, 'COMP 3043', 'Section 1'),
(20, 1, 3, 'IT-ELEC1', 'Section 1');

-- --------------------------------------------------------

--
-- Table structure for table `semester`
--

CREATE TABLE `semester` (
  `id` int(11) NOT NULL,
  `prof_id` int(11) NOT NULL,
  `semester` varchar(25) NOT NULL,
  `semestral_term` varchar(25) NOT NULL,
  `school_year` varchar(25) NOT NULL,
  `activated` int(11) NOT NULL
) ENGINE=InnoDB DEFAULT CHARSET=latin1;

--
-- Dumping data for table `semester`
--

INSERT INTO `semester` (`id`, `prof_id`, `semester`, `semestral_term`, `school_year`, `activated`) VALUES
(1, 1, 'First Semester', 'Finals', '2018-2019', 0),
(2, 2, 'First Semester', 'Midterm', '2018-2019', 1),
(3, 1, 'Second Semester', 'Midterm', '2018-2019', 1),
(4, 4, 'Second Semester', 'Midterm', '2018-2019', 1),
(5, 6, 'Second Semester', 'Midterm', '2018-2019', 1),
(6, 7, 'Second Semester', 'Midterm', '2018-2019', 1),
(7, 8, 'Second Semester', 'Midterm', '2018-2019', 1),
(8, 10, 'Second Semester', 'Midterm', '2018-2019', 1);

-- --------------------------------------------------------

--
-- Table structure for table `students`
--

CREATE TABLE `students` (
  `id` int(11) NOT NULL,
  `prof_id` int(11) NOT NULL,
  `semester_id` int(11) NOT NULL,
  `subject_id` int(11) NOT NULL,
  `section_id` int(11) NOT NULL,
  `firstname` varchar(50) NOT NULL,
  `middlename` varchar(50) NOT NULL,
  `lastname` varchar(50) NOT NULL
) ENGINE=InnoDB DEFAULT CHARSET=latin1;

--
-- Dumping data for table `students`
--

INSERT INTO `students` (`id`, `prof_id`, `semester_id`, `subject_id`, `section_id`, `firstname`, `middlename`, `lastname`) VALUES
(1, 1, 1, 1, 1, 'Judiean', 'M', 'Ambata'),
(2, 1, 1, 1, 1, 'Rhonie', 'P', 'Anonuevo'),
(3, 1, 1, 1, 1, 'Ailyn', 'M', 'Asi'),
(4, 1, 1, 1, 1, 'Shenna May', 'R', 'Atienza'),
(5, 1, 1, 1, 1, 'Ariel', 'D.', 'Basit'),
(6, 1, 1, 1, 1, 'Donalyn', 'B', 'Caseres'),
(7, 1, 1, 1, 1, 'Jonalyn', 'R', 'Collamar'),
(8, 1, 1, 1, 1, 'Princess Dianne', 'M', 'Cueto'),
(9, 1, 1, 1, 1, 'John Lerry', 'M', 'De Torres'),
(10, 1, 1, 1, 1, 'Jonna Faye', 'M', 'De Torres'),
(11, 1, 1, 1, 1, 'John Mark', 'R', 'Del Mundo'),
(12, 1, 1, 1, 1, 'Gedion', 'R', 'Dizon'),
(13, 1, 1, 1, 1, 'Shaira', 'P', 'Espiritu'),
(14, 1, 1, 1, 1, 'Nely', 'G', 'Faner'),
(15, 1, 1, 1, 1, 'Paulene Kim', 'M', 'Mabunga'),
(16, 1, 1, 1, 1, 'Angelica', '', 'Mendeja'),
(17, 1, 1, 1, 1, 'Renzo James', 'B', 'Mendeja'),
(18, 1, 1, 1, 1, 'Donna May', 'M', 'Mesana'),
(19, 1, 1, 1, 1, 'Jerlie', 'D', 'Minay'),
(20, 1, 1, 1, 1, 'Lelanie', 'R', 'Montojo'),
(21, 1, 1, 1, 1, 'Judy Ann', 'R', 'Mores'),
(22, 1, 1, 1, 1, 'Olan Jay', 'D', 'Pacia'),
(23, 1, 1, 1, 1, 'Jobert', 'M', 'Pascua'),
(24, 1, 1, 1, 1, 'Edrian', 'C', 'Pedradilla'),
(25, 1, 1, 1, 1, 'Karen Claire', 'L', 'Phodaca'),
(26, 1, 1, 1, 1, 'Kevin Ragot', '', 'Polistico'),
(27, 1, 1, 1, 1, 'Ma. Tonashi Unica Shy', 'Q', 'Portugal'),
(28, 1, 1, 1, 1, 'Jayferson', 'I', 'Relox'),
(29, 1, 1, 1, 1, 'Judy Ann', 'G', 'Ricafort'),
(30, 1, 1, 1, 1, 'Jessa Beth', 'F', 'Rogon'),
(31, 1, 1, 1, 1, 'Ironica', '', 'Sales'),
(32, 1, 1, 1, 1, 'Christine', 'O', 'Seno'),
(33, 1, 1, 1, 1, 'Cheziel', 'D', 'Sorbeto'),
(34, 1, 1, 1, 1, 'Ma. Rodalyn', 'D', 'Tatel'),
(35, 1, 1, 1, 1, 'John Lawrence', 'C', 'Zoleta'),
(36, 1, 1, 3, 3, 'Sherlon  Carl', 'M', 'Acedillo'),
(37, 1, 1, 3, 3, 'Florence John', 'P', 'Alcoran'),
(38, 1, 1, 3, 3, 'Agre Marie', 'M', 'Baldovieso'),
(39, 1, 1, 3, 3, 'Filmark', 'D', 'Doctama'),
(40, 1, 1, 3, 3, 'Mark Anthony', 'D', 'Ferreras'),
(41, 1, 1, 3, 3, 'Christian', 'R', 'Francisco'),
(42, 1, 1, 3, 3, 'Robin', 'R', 'Garcia'),
(43, 1, 1, 3, 3, 'Jericho', 'R', 'Gonzalbo'),
(44, 1, 1, 3, 3, 'Roque', 'R', 'Madera Jr.'),
(45, 1, 1, 3, 3, 'Marc Jan', 'F', 'Madrid'),
(46, 1, 1, 3, 3, 'Arnold', 'M', 'Magana'),
(47, 1, 1, 3, 3, 'Michelle', 'A', 'Mamador'),
(48, 1, 1, 3, 3, 'Nicole Kiel', 'L', 'Mampusti'),
(49, 1, 1, 3, 3, 'Jayson', 'E', 'Mansalapuz'),
(50, 1, 1, 3, 3, 'Nimfa', 'F', 'Marcos'),
(51, 1, 1, 3, 3, 'Melody', 'P', 'Mataya'),
(52, 1, 1, 3, 3, 'Jireh', 'M', 'Mijares'),
(53, 1, 1, 3, 3, 'Liezl', 'T', 'Morana'),
(54, 1, 1, 3, 3, 'Mary Grace', 'M', 'Patimo'),
(55, 1, 1, 3, 3, 'Edillene', 'G', 'Pillejera'),
(56, 1, 1, 3, 3, 'Jaymin', 'M', 'Reano'),
(57, 1, 1, 3, 3, 'Meldith', 'R', 'Red'),
(58, 1, 1, 3, 3, 'Camelle', 'G', 'Salazar'),
(59, 1, 1, 3, 3, 'Marvin', 'M', 'Sancho'),
(60, 1, 1, 3, 3, 'Chrystel Ann', 'I', 'Sapungan'),
(61, 1, 1, 3, 3, 'Melody', 'D', 'Solas'),
(62, 1, 1, 3, 3, 'Kelly', 'R', 'Sta. Rufina'),
(63, 1, 1, 3, 3, 'Mary Joy', '', 'Muje'),
(64, 1, 1, 3, 3, 'James Mathew', '', 'Mangao'),
(65, 1, 1, 3, 3, 'John Michael', '', 'Minon'),
(66, 1, 1, 3, 3, 'Novie Ann', '', 'Famorcan'),
(67, 1, 1, 3, 3, 'Cherry Ann', '', 'Fesalbon'),
(68, 1, 1, 3, 3, 'Josa Amor', '', 'Ariola'),
(69, 1, 1, 3, 3, 'Annabelle', '', 'Fabello'),
(70, 1, 1, 3, 3, 'Mark Jerson', '', 'Miranda'),
(71, 1, 1, 3, 3, 'Leonisa', '', 'Mallari'),
(72, 1, 1, 3, 3, 'Mary Grace', '', 'Saguid'),
(73, 1, 1, 4, 4, 'Sheila May', '', 'Abaja'),
(74, 1, 1, 4, 4, 'Godwin', '', 'Agong'),
(75, 1, 1, 4, 4, 'Noime', '', 'Agostiilo'),
(76, 1, 1, 4, 4, 'Clarita', '', 'Agripa'),
(77, 1, 1, 4, 4, 'Zara Jeane', '', 'Arellano'),
(78, 1, 1, 4, 4, 'Kenneth ', '', 'Arilas'),
(79, 1, 1, 4, 4, 'Ruth Mae', '', 'Asid'),
(80, 1, 1, 4, 4, 'Rica', '', 'Balboa'),
(81, 1, 1, 4, 4, 'Sherwin', '', 'Bautista'),
(82, 1, 1, 4, 4, 'Keithlyn Jelm', '', 'Boquin'),
(83, 1, 1, 4, 4, 'Gilian', '', 'Cabagnot'),
(84, 1, 1, 4, 4, 'Rona', '', 'Camalig'),
(85, 1, 1, 4, 4, ' Cecil Mae', '', 'Cartagenas'),
(86, 1, 1, 4, 4, ' Mi?a Lyka', '', 'Coloma'),
(87, 1, 1, 4, 4, 'April Joy', '', 'Cuarto'),
(88, 1, 1, 4, 4, ' Jomar', '', 'Cubacub'),
(89, 1, 1, 4, 4, 'Ryan', '', 'Cultura'),
(90, 1, 1, 4, 4, 'Jojo', '', 'De Mesa '),
(91, 1, 1, 4, 4, 'Romel', '', 'De Mesa '),
(92, 1, 1, 4, 4, 'Vanessa Joy', '', 'Detera'),
(93, 1, 1, 4, 4, ' Krystian Dave', '', 'Dimasacat'),
(94, 1, 1, 4, 4, ' Michelle', '', 'Durado '),
(95, 1, 1, 4, 4, 'Valient', '', 'Empiano, '),
(96, 1, 1, 4, 4, 'Hazzl Nadine', '', 'Fadera'),
(97, 1, 1, 4, 4, ' Bea', '', 'Florida '),
(98, 1, 1, 4, 4, 'Jaisel', '', 'Gayeta'),
(99, 1, 1, 4, 4, 'Julie Ann', '', 'Humilde'),
(100, 1, 1, 4, 4, 'Melchor', '', 'Labaguis'),
(101, 1, 1, 4, 4, 'D-Jay', '', 'Lacerna'),
(102, 1, 1, 4, 4, ' Aileen', '', 'Ladea'),
(103, 1, 1, 4, 4, ' Richelle', '', 'Lasac '),
(104, 1, 1, 4, 4, 'Menard', '', 'Leal '),
(105, 1, 1, 4, 4, ' Jessie', '', 'Mabasa  '),
(106, 1, 1, 4, 4, 'Maria Ella', '', 'Macatangay  '),
(107, 1, 1, 4, 4, 'Ruth', '', 'Macatol'),
(108, 1, 1, 4, 4, 'Andrea Venice', '', 'Nagutom'),
(109, 1, 1, 4, 4, ' Anjelyn', '', 'Sanchez '),
(110, 1, 1, 4, 4, ' Mark', '', 'Sapungan '),
(111, 1, 1, 4, 4, 'Ramon', '', 'Martos Jr.'),
(112, 1, 1, 4, 5, 'Ronaele Arvin Keith', '', 'Malapitan,'),
(113, 1, 1, 4, 5, ' Lovely Joy', '', 'Malupa '),
(114, 1, 1, 4, 5, 'Jennefer', '', 'Mandac '),
(115, 1, 1, 4, 5, 'Bethoven', '', 'Manes '),
(116, 1, 1, 4, 5, ' Bryan', '', 'Manumbali'),
(117, 1, 1, 4, 5, 'Roxanne', '', 'Manzala '),
(118, 1, 1, 4, 5, 'Loren', '', 'Marin '),
(119, 1, 1, 4, 5, 'Jeric John', '', 'Marquez '),
(120, 1, 1, 4, 5, ' Ramon', '', 'Martos Jr. '),
(121, 1, 1, 4, 5, 'Jake', '', 'Miras '),
(122, 1, 1, 4, 5, ' Lawrence', '', 'Miras'),
(123, 1, 1, 4, 5, ' John Michael', '', 'Montermar'),
(124, 1, 1, 4, 5, '  Wimer', '', 'Morales'),
(125, 1, 1, 4, 5, 'May Ann', '', 'Morana '),
(126, 1, 1, 4, 5, 'Lyca', '', 'Mortel '),
(127, 1, 1, 4, 5, 'Eunice', '', 'Motol '),
(128, 1, 1, 4, 5, ' Ravien', '', 'Mutya'),
(129, 1, 1, 4, 5, 'Guiller', '', 'Navasquez '),
(130, 1, 1, 4, 5, 'Glaiza Marie', '', 'Navayra '),
(131, 1, 1, 4, 5, ' Ma. Christina', '', 'Nete '),
(132, 1, 1, 4, 5, ' Karl Christian', '', 'Novencido'),
(133, 1, 1, 4, 5, ' Jeewin', '', ' Orense'),
(134, 1, 1, 4, 5, 'Elaiza', '', 'Paglinawan  '),
(135, 1, 1, 4, 5, 'Lilibeth', '', 'Pilar '),
(136, 1, 1, 4, 5, 'Charlie', '', 'Pita '),
(137, 1, 1, 4, 5, ' Reharris', '', 'Plata'),
(138, 1, 1, 4, 5, ' Liezel Ann', '', 'Red'),
(139, 1, 1, 4, 5, ' Jessica', '', 'Redoma'),
(140, 1, 1, 4, 5, 'Kristhene Joy', '', 'Ricalde '),
(141, 1, 1, 4, 5, 'John Russel', '', 'Robledo'),
(142, 1, 1, 4, 5, 'John Henrich', '', 'Robledo '),
(143, 1, 1, 4, 5, ' Irvin Jay', '', 'Rodil'),
(144, 1, 1, 4, 5, 'Angelika', '', 'Rodriguez '),
(145, 1, 1, 4, 5, ' Emmanuel', '', 'Ruam'),
(146, 1, 1, 4, 5, 'Hezel Joy', '', 'Salazar '),
(147, 1, 1, 4, 5, ' Jimboy', '', 'Salazar '),
(148, 1, 1, 4, 5, 'Khryss Airielle', '', 'Sogoni '),
(149, 1, 1, 4, 5, 'Desiree', '', 'Upao '),
(150, 1, 1, 4, 5, 'Joy', '', 'Villanueva '),
(151, 1, 1, 4, 5, 'Jessica Kizeah', '', 'Villota '),
(152, 1, 1, 2, 2, 'RHONIE ', 'PABALLA', 'AÑONUEVO '),
(153, 1, 1, 2, 2, 'JUDIEAN ', 'MARAVILLON', 'AMBATA'),
(154, 1, 1, 2, 2, ' ILYN ', 'MACATANGAY', 'ASI'),
(155, 1, 1, 2, 2, 'ARIEL ', 'DE CASTRO', 'BASIT'),
(156, 1, 1, 2, 2, 'DONALYN', ' BALLESTEROS', 'CASERES'),
(157, 1, 1, 2, 2, ' JONALYN', 'RELOX', 'COLLAMAR'),
(158, 1, 1, 2, 2, 'PRINCESS DIANE ', 'MORENO', 'CUETO'),
(159, 1, 1, 2, 2, 'JONNA FAYE ', 'MANCIA', 'DE TORRES '),
(160, 1, 1, 2, 2, 'JOHN MARK ', 'ROBINO', 'DEL MUNDO'),
(161, 1, 1, 2, 2, 'GEDION', ' RAGOT', 'DIZON'),
(162, 1, 1, 2, 2, 'SHAIRA ', 'PACTORANAN', 'ESPIRITU'),
(163, 1, 1, 2, 2, 'NELY ', 'GUARTE', 'FANER '),
(164, 1, 1, 2, 2, 'SHERY ANN ', 'FABREAG', 'FESALBON'),
(165, 1, 1, 2, 2, 'JAYMER', ' MAXIMO', 'LABAGUIS'),
(166, 1, 1, 2, 2, 'MARK ANTHONY', ' BUJERES', 'LAGRADA '),
(167, 1, 1, 2, 2, 'JAMES MATTHEW', ' BALINGASA', 'MANGAO'),
(168, 1, 1, 2, 2, 'ANGELICA', '', 'MENDEJA'),
(169, 1, 1, 2, 2, 'RENZO JAMES', 'BUIZA', 'MENDEJA'),
(170, 1, 1, 2, 2, 'DONNA MAY', 'MAGOS', 'MESANA'),
(171, 1, 1, 2, 2, 'JERLIE', 'DORONIO', 'MINAY'),
(172, 1, 1, 2, 2, 'LELAINE', 'RAFOL', 'MONTOJO'),
(173, 1, 1, 2, 2, 'JUDY ANN', 'ROGON', 'MORES'),
(174, 1, 1, 2, 2, 'OLAN JAY', 'DIVINO', 'PACIA'),
(175, 1, 1, 2, 2, 'JOBERT', 'MANGUIAT', 'PASCUA'),
(176, 1, 1, 2, 2, 'EDRIAN', 'COMIA', 'PERADILLA'),
(177, 1, 1, 2, 2, 'KAREN CLAIRE', 'LABAY', 'PHODACA'),
(178, 1, 1, 2, 2, 'KEVIN', 'RAGOT', 'POLISTICO'),
(179, 1, 1, 2, 2, 'JAYFERSON', 'ILAO', 'RELOX'),
(180, 1, 1, 2, 2, 'JUDY ANN', 'GENIL', 'RICAFORT'),
(181, 1, 1, 2, 2, 'JESSA BETH', 'FALCUNAYA', 'ROGON'),
(182, 1, 1, 2, 2, 'IRONICA', '', 'SALES'),
(183, 1, 1, 2, 2, 'CHRISTINE', 'OGAYRE', 'SENO'),
(184, 1, 1, 2, 2, 'CHEZIEL', 'DALAWANGBAYAN', 'SORBETO'),
(185, 1, 1, 2, 2, 'MARIA RODALYN', 'DAYATA', 'TATEL'),
(186, 1, 1, 2, 2, 'JOHN LAURENCE', 'CAGUIMBAL', 'ZOLETA'),
(187, 2, 2, 5, 6, 'Hayleen', 'Fernando', 'Dulag'),
(188, 2, 2, 5, 6, 'Harley', 'Ferrer', 'Lumagui'),
(189, 4, 4, 8, 9, 'Pedro', 'Garcia', 'Penduko'),
(190, 6, 5, 9, 10, 'Pedro', 'Garcia', 'Penduko'),
(191, 6, 5, 9, 10, 'Harley', 'Ferrer', 'Lumagui'),
(192, 7, 6, 10, 11, 'Pedro', 'Garcia', 'Penduko'),
(193, 10, 8, 14, 15, 'Alion', 'Rapada', 'Aclan'),
(194, 10, 8, 14, 15, 'Judy Ann', 'Buendia', 'Adarlo'),
(195, 10, 8, 14, 15, 'Lalaine', 'Pante', 'Aliangan'),
(196, 10, 8, 14, 15, 'Jerico', 'Mancia', 'Almeida'),
(197, 10, 8, 14, 15, 'Shena Mae', 'Relox', 'Atienza'),
(198, 1, 3, 16, 17, 'Sherlon Carl', 'Montoyo', 'Acedillo'),
(199, 1, 3, 19, 20, 'Rhonni', 'Paballa', 'Annonuevo'),
(200, 1, 3, 19, 20, 'Judiean', 'Maravillon', 'Ambata '),
(201, 1, 3, 19, 20, 'Ilyn', 'Macatangay', 'Asi'),
(202, 1, 3, 19, 20, 'Ariel', 'De Castro', 'Basit'),
(203, 1, 3, 19, 20, 'Donalyn', 'Ballesteros', 'Caseres'),
(204, 1, 3, 19, 20, 'Vince Jayson', 'Balois', 'Claridades'),
(205, 1, 3, 19, 20, 'Jonalyn', 'Relox', 'Collamar'),
(206, 1, 3, 19, 20, 'Princess Diane', 'Moreno', 'Cueto'),
(207, 1, 3, 19, 20, 'Jonna Faye', 'Mancia', 'De Torres'),
(208, 1, 3, 19, 20, 'John Mark', 'Robino', 'Del Mundo'),
(209, 1, 3, 19, 20, 'Gedion', 'Ragot', 'Dizon'),
(210, 1, 3, 19, 20, 'Shaira', 'Pactoranan', 'Espiritu'),
(211, 1, 3, 19, 20, 'Nely', 'Guarte', 'Faner'),
(212, 1, 3, 19, 20, 'Shery Ann', 'Fabreag', 'Fesalbon'),
(213, 1, 3, 19, 20, 'Jaymer', 'Maximo', 'Labaguis'),
(214, 1, 3, 19, 20, 'Mark Anthony', 'Bujeres', 'Lagrada'),
(215, 1, 3, 19, 20, 'James Mathew', 'Balingasa', 'Mangao'),
(216, 1, 3, 19, 20, 'Angelica', '', 'Mendeja'),
(217, 1, 3, 19, 20, 'Renzo James', 'Buiza', 'Mendeja'),
(218, 1, 3, 19, 20, 'Donna May', 'Magos', 'Mesana'),
(219, 1, 3, 19, 20, 'Jerlie', 'Doronio', 'Minay '),
(220, 1, 3, 19, 20, 'Lelanie ', 'Rafol', 'Montojo'),
(221, 1, 3, 19, 20, 'Judy Ann ', 'Rogon', 'Mores '),
(222, 1, 3, 19, 20, 'Olan Jay ', 'Divino', 'Pacia'),
(223, 1, 3, 19, 20, 'Jobert', 'Manguiat', 'Pascua'),
(224, 1, 3, 19, 20, 'Edrian', 'Comia', 'Peradilla'),
(225, 1, 3, 19, 20, 'Karen Claire', 'Labay', 'Phodaca'),
(226, 1, 3, 19, 20, 'Kevin', 'Ragot', 'Polistico'),
(227, 1, 3, 19, 20, 'Jayferson', 'Ilao', 'Relox'),
(228, 1, 3, 19, 20, 'Judy Ann', 'Genil', 'Ricafort '),
(229, 1, 3, 19, 20, 'Jessa Beth', 'Falcunaya', 'Rogon'),
(230, 1, 3, 19, 20, 'Ironica', '', 'Sales'),
(231, 1, 3, 19, 20, 'Christine', 'Ogayre', 'Seno '),
(232, 1, 3, 19, 20, 'Chezeil', 'Dalawangbayan', 'Sorbeto'),
(233, 1, 3, 19, 20, 'Ma. Rodalyn', 'Dayata', 'Tatel'),
(234, 1, 3, 19, 20, 'John Laurence', 'Caguimbal', 'Zoleta');

-- --------------------------------------------------------

--
-- Table structure for table `student_subjects`
--

CREATE TABLE `student_subjects` (
  `id` int(11) NOT NULL,
  `userid` int(11) NOT NULL,
  `access_code` varchar(25) NOT NULL
) ENGINE=InnoDB DEFAULT CHARSET=latin1;

--
-- Dumping data for table `student_subjects`
--

INSERT INTO `student_subjects` (`id`, `userid`, `access_code`) VALUES
(1, 11, 'SziECWAz');

-- --------------------------------------------------------

--
-- Table structure for table `subjects`
--

CREATE TABLE `subjects` (
  `id` int(11) NOT NULL,
  `prof_id` int(11) NOT NULL,
  `semester_id` int(11) NOT NULL,
  `subject_code` varchar(50) NOT NULL,
  `subject_description` varchar(255) NOT NULL,
  `no_of_sections` int(11) NOT NULL,
  `access_code` varchar(25) NOT NULL,
  `date_created` date NOT NULL
) ENGINE=InnoDB DEFAULT CHARSET=latin1;

--
-- Dumping data for table `subjects`
--

INSERT INTO `subjects` (`id`, `prof_id`, `semester_id`, `subject_code`, `subject_description`, `no_of_sections`, `access_code`, `date_created`) VALUES
(1, 1, 1, 'COMP 113', 'Advanced Programming', 1, '', '2018-09-11'),
(2, 1, 1, 'COMP 4023', 'Database Administration', 1, '', '2018-09-12'),
(3, 1, 1, 'INTE 2053', 'Programming 3', 1, '', '2018-09-12'),
(4, 1, 1, 'GEED 20023', 'Computer Programming 1', 2, '', '2018-09-12'),
(5, 2, 2, 'INTE 414', 'Programming 3', 1, '', '2018-09-23'),
(8, 4, 4, 'INTFE 413', 'Programming 3', 1, '', '2018-11-08'),
(9, 6, 5, 'COOFT 232', 'Related Literature', 1, '', '2018-11-09'),
(10, 7, 6, 'adadasd', 'Filipino', 1, '', '2018-11-09'),
(11, 8, 7, 'COMP 3013', 'Operating System', 1, '', '2018-11-14'),
(12, 8, 7, 'COMP 3033', 'Software Engineering', 1, '', '2018-11-14'),
(14, 10, 8, 'INTE 3023', 'Database Management System 1', 1, 'SziECWAz', '2018-11-15'),
(15, 1, 3, 'COMP 3013', 'Operating System', 1, 'WeO4Ypnk', '2018-12-17'),
(16, 1, 3, 'INTE 3023', 'Database management System 1', 1, 'FPr89Bgm', '2018-12-17'),
(17, 1, 3, 'COMP 3033', 'Software Engineering', 1, 'uGOABF0j', '2018-12-17'),
(18, 1, 3, 'COMP 3043', 'Web Development', 1, 'FNuFW5PW', '2018-12-17'),
(19, 1, 3, 'IT-ELEC1', 'BSIT Elective 1', 1, '8QEoxdOi', '2018-12-17');

--
-- Indexes for dumped tables
--

--
-- Indexes for table `accounts`
--
ALTER TABLE `accounts`
  ADD PRIMARY KEY (`id`);

--
-- Indexes for table `attendance`
--
ALTER TABLE `attendance`
  ADD PRIMARY KEY (`id`);

--
-- Indexes for table `grade`
--
ALTER TABLE `grade`
  ADD PRIMARY KEY (`id`);

--
-- Indexes for table `grades`
--
ALTER TABLE `grades`
  ADD PRIMARY KEY (`id`);

--
-- Indexes for table `grading`
--
ALTER TABLE `grading`
  ADD PRIMARY KEY (`id`);

--
-- Indexes for table `professors`
--
ALTER TABLE `professors`
  ADD PRIMARY KEY (`id`);

--
-- Indexes for table `reg_students`
--
ALTER TABLE `reg_students`
  ADD PRIMARY KEY (`id`);

--
-- Indexes for table `sections`
--
ALTER TABLE `sections`
  ADD PRIMARY KEY (`id`);

--
-- Indexes for table `semester`
--
ALTER TABLE `semester`
  ADD PRIMARY KEY (`id`);

--
-- Indexes for table `students`
--
ALTER TABLE `students`
  ADD PRIMARY KEY (`id`);

--
-- Indexes for table `student_subjects`
--
ALTER TABLE `student_subjects`
  ADD PRIMARY KEY (`id`);

--
-- Indexes for table `subjects`
--
ALTER TABLE `subjects`
  ADD PRIMARY KEY (`id`);

--
-- AUTO_INCREMENT for dumped tables
--

--
-- AUTO_INCREMENT for table `accounts`
--
ALTER TABLE `accounts`
  MODIFY `id` int(11) NOT NULL AUTO_INCREMENT, AUTO_INCREMENT=13;

--
-- AUTO_INCREMENT for table `attendance`
--
ALTER TABLE `attendance`
  MODIFY `id` int(11) NOT NULL AUTO_INCREMENT, AUTO_INCREMENT=785;

--
-- AUTO_INCREMENT for table `grade`
--
ALTER TABLE `grade`
  MODIFY `id` int(11) NOT NULL AUTO_INCREMENT, AUTO_INCREMENT=76;

--
-- AUTO_INCREMENT for table `grades`
--
ALTER TABLE `grades`
  MODIFY `id` int(11) NOT NULL AUTO_INCREMENT, AUTO_INCREMENT=997;

--
-- AUTO_INCREMENT for table `grading`
--
ALTER TABLE `grading`
  MODIFY `id` int(11) NOT NULL AUTO_INCREMENT, AUTO_INCREMENT=42;

--
-- AUTO_INCREMENT for table `professors`
--
ALTER TABLE `professors`
  MODIFY `id` int(11) NOT NULL AUTO_INCREMENT, AUTO_INCREMENT=8;

--
-- AUTO_INCREMENT for table `reg_students`
--
ALTER TABLE `reg_students`
  MODIFY `id` int(11) NOT NULL AUTO_INCREMENT, AUTO_INCREMENT=7;

--
-- AUTO_INCREMENT for table `sections`
--
ALTER TABLE `sections`
  MODIFY `id` int(11) NOT NULL AUTO_INCREMENT, AUTO_INCREMENT=21;

--
-- AUTO_INCREMENT for table `semester`
--
ALTER TABLE `semester`
  MODIFY `id` int(11) NOT NULL AUTO_INCREMENT, AUTO_INCREMENT=9;

--
-- AUTO_INCREMENT for table `students`
--
ALTER TABLE `students`
  MODIFY `id` int(11) NOT NULL AUTO_INCREMENT, AUTO_INCREMENT=235;

--
-- AUTO_INCREMENT for table `student_subjects`
--
ALTER TABLE `student_subjects`
  MODIFY `id` int(11) NOT NULL AUTO_INCREMENT, AUTO_INCREMENT=2;

--
-- AUTO_INCREMENT for table `subjects`
--
ALTER TABLE `subjects`
  MODIFY `id` int(11) NOT NULL AUTO_INCREMENT, AUTO_INCREMENT=20;
COMMIT;

/*!40101 SET CHARACTER_SET_CLIENT=@OLD_CHARACTER_SET_CLIENT */;
/*!40101 SET CHARACTER_SET_RESULTS=@OLD_CHARACTER_SET_RESULTS */;
/*!40101 SET COLLATION_CONNECTION=@OLD_COLLATION_CONNECTION */;
